crop_id,filename,cluster_id,origem
20220417_141317_planta_0,20220417_141317_planta_0.jpg,103,0
20220417_141317_planta_2,20220417_141317_planta_2.jpg,23,0
20220417_141331_planta_0,20220417_141331_planta_0.jpg,103,0
20220417_141331_planta_1,20220417_141331_planta_1.jpg,103,0
20220417_141331_planta_2,20220417_141331_planta_2.jpg,103,0
20220417_141331_planta_3,20220417_141331_planta_3.jpg,103,0
20220417_141334_planta_0,20220417_141334_planta_0.jpg,103,0
20220417_141334_planta_2,20220417_141334_planta_2.jpg,103,0
20220417_141334_planta_3,20220417_141334_planta_3.jpg,103,0
20220417_141441_planta_0,20220417_141441_planta_0.jpg,118,0
20220417_141441_planta_2,20220417_141441_planta_2.jpg,307,2
20220417_141441_planta_3,20220417_141441_planta_3.jpg,230,1
20220417_141441_planta_4,20220417_141441_planta_4.jpg,94,0
20220417_141452_planta_1,20220417_141452_planta_1.jpg,-1,-1
20220417_141459_planta_0,20220417_141459_planta_0.jpg,269,1
20220417_141459_planta_1,20220417_141459_planta_1.jpg,66,0
20220417_141459_planta_2,20220417_141459_planta_2.jpg,66,0
20220417_141542_planta_0,20220417_141542_planta_0.jpg,176,0
20220417_141610_planta_0,20220417_141610_planta_0.jpg,44,0
20220417_141610_planta_1,20220417_141610_planta_1.jpg,85,0
20220417_141610_planta_10,20220417_141610_planta_10.jpg,233,1
20220417_141610_planta_11,20220417_141610_planta_11.jpg,85,0
20220417_141610_planta_12,20220417_141610_planta_12.jpg,258,1
20220417_141610_planta_13,20220417_141610_planta_13.jpg,44,0
20220417_141610_planta_14,20220417_141610_planta_14.jpg,32,0
20220417_141610_planta_15,20220417_141610_planta_15.jpg,95,0
20220417_141610_planta_16,20220417_141610_planta_16.jpg,298,2
20220417_141610_planta_2,20220417_141610_planta_2.jpg,125,0
20220417_141610_planta_3,20220417_141610_planta_3.jpg,65,0
20220417_141610_planta_4,20220417_141610_planta_4.jpg,69,0
20220417_141610_planta_6,20220417_141610_planta_6.jpg,85,0
20220417_141610_planta_7,20220417_141610_planta_7.jpg,92,0
20220417_141610_planta_8,20220417_141610_planta_8.jpg,85,0
20220417_141610_planta_9,20220417_141610_planta_9.jpg,109,0
20220417_141619_planta_0,20220417_141619_planta_0.jpg,276,1
20220417_141619_planta_1,20220417_141619_planta_1.jpg,109,0
20220417_141619_planta_2,20220417_141619_planta_2.jpg,85,0
20220417_141619_planta_3,20220417_141619_planta_3.jpg,320,3
20220417_141619_planta_4,20220417_141619_planta_4.jpg,233,1
20220417_141619_planta_5,20220417_141619_planta_5.jpg,12,0
20220417_141619_planta_6,20220417_141619_planta_6.jpg,85,0
20220417_141751_planta_1,20220417_141751_planta_1.jpg,28,0
20220417_141751_planta_10,20220417_141751_planta_10.jpg,320,3
20220417_141751_planta_12,20220417_141751_planta_12.jpg,28,0
20220417_141751_planta_13,20220417_141751_planta_13.jpg,314,3
20220417_141751_planta_14,20220417_141751_planta_14.jpg,32,0
20220417_141751_planta_15,20220417_141751_planta_15.jpg,66,0
20220417_141751_planta_2,20220417_141751_planta_2.jpg,168,0
20220417_141751_planta_3,20220417_141751_planta_3.jpg,181,0
20220417_141751_planta_4,20220417_141751_planta_4.jpg,288,1
20220417_141837_planta_0,20220417_141837_planta_0.jpg,264,1
20220417_141837_planta_1,20220417_141837_planta_1.jpg,32,0
20220417_141837_planta_3,20220417_141837_planta_3.jpg,28,0
20220417_141837_planta_4,20220417_141837_planta_4.jpg,98,0
20220417_141837_planta_5,20220417_141837_planta_5.jpg,66,0
20220417_141837_planta_6,20220417_141837_planta_6.jpg,276,1
20220417_141903_planta_1,20220417_141903_planta_1.jpg,188,0
20220417_141903_planta_4,20220417_141903_planta_4.jpg,233,1
20220417_141903_planta_7,20220417_141903_planta_7.jpg,116,0
20220417_141912_planta_0,20220417_141912_planta_0.jpg,103,0
20220417_152120_planta_0,20220417_152120_planta_0.jpg,185,0
20220417_152120_planta_1,20220417_152120_planta_1.jpg,312,2
20220417_152120_planta_2,20220417_152120_planta_2.jpg,52,0
20220417_152124_planta_0,20220417_152124_planta_0.jpg,196,0
20220417_152126_planta_1,20220417_152126_planta_1.jpg,196,0
20220417_152130_planta_1,20220417_152130_planta_1.jpg,312,2
20220417_152137_planta_0,20220417_152137_planta_0.jpg,196,0
20220417_152144_planta_1,20220417_152144_planta_1.jpg,104,0
20220417_152204_planta_0,20220417_152204_planta_0.jpg,271,1
20220417_152204_planta_1,20220417_152204_planta_1.jpg,179,0
20220417_152204_planta_2,20220417_152204_planta_2.jpg,211,0
20220417_152217_planta_1,20220417_152217_planta_1.jpg,284,1
20220417_152227_planta_2,20220417_152227_planta_2.jpg,196,0
20220417_152241_planta_1,20220417_152241_planta_1.jpg,185,0
20220417_152241_planta_2,20220417_152241_planta_2.jpg,208,0
20220417_152241_planta_3,20220417_152241_planta_3.jpg,215,0
20220417_152241_planta_4,20220417_152241_planta_4.jpg,189,0
20220417_152259_planta_1,20220417_152259_planta_1.jpg,284,1
20220417_152259_planta_2,20220417_152259_planta_2.jpg,215,0
20220417_152259_planta_3,20220417_152259_planta_3.jpg,112,0
20220417_152259_planta_4,20220417_152259_planta_4.jpg,275,1
20220417_152259_planta_5,20220417_152259_planta_5.jpg,292,2
20220417_152315_planta_0,20220417_152315_planta_0.jpg,215,0
20220417_152315_planta_1,20220417_152315_planta_1.jpg,295,2
20220417_152315_planta_10,20220417_152315_planta_10.jpg,112,0
20220417_152315_planta_11,20220417_152315_planta_11.jpg,208,0
20220417_152315_planta_4,20220417_152315_planta_4.jpg,311,2
20220417_152315_planta_5,20220417_152315_planta_5.jpg,297,2
20220417_152315_planta_9,20220417_152315_planta_9.jpg,317,3
20220417_152330_planta_3,20220417_152330_planta_3.jpg,318,3
20220417_152334_planta_0,20220417_152334_planta_0.jpg,214,0
20220417_152334_planta_3,20220417_152334_planta_3.jpg,215,0
20220417_152334_planta_4,20220417_152334_planta_4.jpg,211,0
20220417_152334_planta_5,20220417_152334_planta_5.jpg,112,0
20220417_152352_planta_0,20220417_152352_planta_0.jpg,282,1
20220417_152352_planta_1,20220417_152352_planta_1.jpg,196,0
20220417_152352_planta_4,20220417_152352_planta_4.jpg,112,0
20220417_152352_planta_5,20220417_152352_planta_5.jpg,196,0
20220417_152402_planta_1,20220417_152402_planta_1.jpg,280,1
20220417_152434_planta_1,20220417_152434_planta_1.jpg,68,0
20220417_152434_planta_10,20220417_152434_planta_10.jpg,215,0
20220417_152434_planta_4,20220417_152434_planta_4.jpg,215,0
20220417_152434_planta_5,20220417_152434_planta_5.jpg,317,3
20220417_152434_planta_6,20220417_152434_planta_6.jpg,68,0
20220417_152434_planta_7,20220417_152434_planta_7.jpg,215,0
20220417_152434_planta_8,20220417_152434_planta_8.jpg,215,0
20220417_152434_planta_9,20220417_152434_planta_9.jpg,306,2
20220417_152445_planta_0,20220417_152445_planta_0.jpg,196,0
20220417_152530_planta_0,20220417_152530_planta_0.jpg,203,0
20220417_152530_planta_1,20220417_152530_planta_1.jpg,204,0
20220417_152530_planta_10,20220417_152530_planta_10.jpg,280,1
20220417_152530_planta_11,20220417_152530_planta_11.jpg,204,0
20220417_152530_planta_12,20220417_152530_planta_12.jpg,311,2
20220417_152530_planta_13,20220417_152530_planta_13.jpg,295,2
20220417_152530_planta_14,20220417_152530_planta_14.jpg,203,0
20220417_152530_planta_15,20220417_152530_planta_15.jpg,14,0
20220417_152530_planta_16,20220417_152530_planta_16.jpg,15,0
20220417_152530_planta_2,20220417_152530_planta_2.jpg,203,0
20220417_152530_planta_3,20220417_152530_planta_3.jpg,14,0
20220417_152530_planta_4,20220417_152530_planta_4.jpg,203,0
20220417_152530_planta_5,20220417_152530_planta_5.jpg,288,1
20220417_152530_planta_6,20220417_152530_planta_6.jpg,203,0
20220417_152530_planta_7,20220417_152530_planta_7.jpg,203,0
20220417_152530_planta_9,20220417_152530_planta_9.jpg,203,0
20220417_152540_planta_10,20220417_152540_planta_10.jpg,204,0
20220417_152540_planta_2,20220417_152540_planta_2.jpg,196,0
20220417_152540_planta_3,20220417_152540_planta_3.jpg,26,0
20220417_152540_planta_4,20220417_152540_planta_4.jpg,280,1
20220417_152540_planta_5,20220417_152540_planta_5.jpg,288,1
20220417_152540_planta_6,20220417_152540_planta_6.jpg,198,0
20220417_152540_planta_7,20220417_152540_planta_7.jpg,111,0
20220417_152558_planta_0,20220417_152558_planta_0.jpg,318,3
20220417_152614_planta_2,20220417_152614_planta_2.jpg,159,0
20220417_152614_planta_3,20220417_152614_planta_3.jpg,283,1
20220417_152614_planta_4,20220417_152614_planta_4.jpg,286,1
20220417_152614_planta_5,20220417_152614_planta_5.jpg,285,1
20220417_152614_planta_7,20220417_152614_planta_7.jpg,68,0
20220417_152614_planta_9,20220417_152614_planta_9.jpg,60,0
20220417_152626_planta_0,20220417_152626_planta_0.jpg,308,2
20220417_152626_planta_1,20220417_152626_planta_1.jpg,308,2
20220417_152626_planta_2,20220417_152626_planta_2.jpg,289,1
20220417_152715_planta_0,20220417_152715_planta_0.jpg,285,1
20220417_152715_planta_1,20220417_152715_planta_1.jpg,308,2
20220417_152715_planta_10,20220417_152715_planta_10.jpg,26,0
20220417_152715_planta_11,20220417_152715_planta_11.jpg,198,0
20220417_152715_planta_12,20220417_152715_planta_12.jpg,295,2
20220417_152715_planta_13,20220417_152715_planta_13.jpg,208,0
20220417_152715_planta_2,20220417_152715_planta_2.jpg,218,1
20220417_152715_planta_3,20220417_152715_planta_3.jpg,38,0
20220417_152715_planta_6,20220417_152715_planta_6.jpg,208,0
20220417_152715_planta_7,20220417_152715_planta_7.jpg,287,1
20220417_152715_planta_9,20220417_152715_planta_9.jpg,208,0
20220417_152725_planta_0,20220417_152725_planta_0.jpg,206,0
20220417_152725_planta_1,20220417_152725_planta_1.jpg,275,1
20220417_152725_planta_2,20220417_152725_planta_2.jpg,288,1
20220417_152744_planta_10,20220417_152744_planta_10.jpg,204,0
20220417_152744_planta_11,20220417_152744_planta_11.jpg,311,2
20220417_152744_planta_13,20220417_152744_planta_13.jpg,311,2
20220417_152744_planta_3,20220417_152744_planta_3.jpg,203,0
20220417_152744_planta_5,20220417_152744_planta_5.jpg,204,0
20220417_152744_planta_6,20220417_152744_planta_6.jpg,205,0
20220417_152744_planta_7,20220417_152744_planta_7.jpg,205,0
20220417_152744_planta_8,20220417_152744_planta_8.jpg,272,1
20220417_152744_planta_9,20220417_152744_planta_9.jpg,287,1
20220417_152752_planta_1,20220417_152752_planta_1.jpg,206,0
20220417_152752_planta_2,20220417_152752_planta_2.jpg,281,1
20220417_152752_planta_4,20220417_152752_planta_4.jpg,312,2
20220417_152752_planta_5,20220417_152752_planta_5.jpg,204,0
20220417_152752_planta_7,20220417_152752_planta_7.jpg,205,0
20220417_152807_planta_0,20220417_152807_planta_0.jpg,316,3
20220417_152807_planta_1,20220417_152807_planta_1.jpg,287,1
20220417_152807_planta_11,20220417_152807_planta_11.jpg,280,1
20220417_152807_planta_12,20220417_152807_planta_12.jpg,203,0
20220417_152807_planta_15,20220417_152807_planta_15.jpg,308,2
20220417_152807_planta_3,20220417_152807_planta_3.jpg,210,0
20220417_152807_planta_4,20220417_152807_planta_4.jpg,208,0
20220417_152807_planta_5,20220417_152807_planta_5.jpg,205,0
20220417_152807_planta_8,20220417_152807_planta_8.jpg,317,3
20220417_152823_planta_0,20220417_152823_planta_0.jpg,287,1
20220417_152823_planta_10,20220417_152823_planta_10.jpg,288,1
20220417_152823_planta_11,20220417_152823_planta_11.jpg,289,1
20220417_152823_planta_12,20220417_152823_planta_12.jpg,204,0
20220417_152823_planta_2,20220417_152823_planta_2.jpg,204,0
20220417_152823_planta_3,20220417_152823_planta_3.jpg,289,1
20220417_152823_planta_4,20220417_152823_planta_4.jpg,287,1
20220417_152823_planta_5,20220417_152823_planta_5.jpg,289,1
20220417_152823_planta_6,20220417_152823_planta_6.jpg,204,0
20220417_152823_planta_7,20220417_152823_planta_7.jpg,280,1
20220417_152823_planta_9,20220417_152823_planta_9.jpg,206,0
20220417_152829_planta_1,20220417_152829_planta_1.jpg,206,0
20220417_152829_planta_10,20220417_152829_planta_10.jpg,210,0
20220417_152829_planta_13,20220417_152829_planta_13.jpg,210,0
20220417_152829_planta_15,20220417_152829_planta_15.jpg,317,3
20220417_152829_planta_16,20220417_152829_planta_16.jpg,275,1
20220417_152829_planta_2,20220417_152829_planta_2.jpg,210,0
20220417_152829_planta_3,20220417_152829_planta_3.jpg,270,1
20220417_152829_planta_4,20220417_152829_planta_4.jpg,208,0
20220417_152829_planta_8,20220417_152829_planta_8.jpg,210,0
20220417_152840_planta_11,20220417_152840_planta_11.jpg,287,1
20220417_152840_planta_12,20220417_152840_planta_12.jpg,210,0
20220417_152840_planta_14,20220417_152840_planta_14.jpg,210,0
20220417_152840_planta_15,20220417_152840_planta_15.jpg,272,1
20220417_152840_planta_17,20220417_152840_planta_17.jpg,214,0
20220417_152840_planta_19,20220417_152840_planta_19.jpg,210,0
20220417_152840_planta_20,20220417_152840_planta_20.jpg,210,0
20220417_152840_planta_22,20220417_152840_planta_22.jpg,210,0
20220417_152840_planta_3,20220417_152840_planta_3.jpg,210,0
20220417_152840_planta_5,20220417_152840_planta_5.jpg,210,0
20220417_152840_planta_6,20220417_152840_planta_6.jpg,60,0
20220417_152840_planta_7,20220417_152840_planta_7.jpg,275,1
20220417_152840_planta_9,20220417_152840_planta_9.jpg,208,0
20220417_152845_planta_0,20220417_152845_planta_0.jpg,209,0
20220417_152845_planta_1,20220417_152845_planta_1.jpg,280,1
20220417_152845_planta_11,20220417_152845_planta_11.jpg,211,0
20220417_152845_planta_12,20220417_152845_planta_12.jpg,214,0
20220417_152845_planta_13,20220417_152845_planta_13.jpg,209,0
20220417_152845_planta_14,20220417_152845_planta_14.jpg,209,0
20220417_152845_planta_15,20220417_152845_planta_15.jpg,209,0
20220417_152845_planta_17,20220417_152845_planta_17.jpg,275,1
20220417_152845_planta_3,20220417_152845_planta_3.jpg,272,1
20220417_152845_planta_4,20220417_152845_planta_4.jpg,306,2
20220417_152845_planta_5,20220417_152845_planta_5.jpg,210,0
20220417_152845_planta_8,20220417_152845_planta_8.jpg,209,0
20220417_152845_planta_9,20220417_152845_planta_9.jpg,209,0
20220417_152858_planta_0,20220417_152858_planta_0.jpg,214,0
20220417_152858_planta_2,20220417_152858_planta_2.jpg,196,0
20220417_152858_planta_3,20220417_152858_planta_3.jpg,206,0
20220417_152858_planta_5,20220417_152858_planta_5.jpg,211,0
20220417_152905_planta_0,20220417_152905_planta_0.jpg,211,0
20220417_152905_planta_2,20220417_152905_planta_2.jpg,280,1
20220417_152905_planta_3,20220417_152905_planta_3.jpg,311,2
20220417_152905_planta_4,20220417_152905_planta_4.jpg,281,1
20220417_152916_planta_0,20220417_152916_planta_0.jpg,196,0
20220417_152916_planta_1,20220417_152916_planta_1.jpg,272,1
20220417_153024_planta_0,20220417_153024_planta_0.jpg,273,1
20220417_153024_planta_1,20220417_153024_planta_1.jpg,45,0
20220417_153035_planta_0,20220417_153035_planta_0.jpg,30,0
20220417_153105_planta_0,20220417_153105_planta_0.jpg,39,0
20220417_153105_planta_1,20220417_153105_planta_1.jpg,28,0
20220417_153105_planta_5,20220417_153105_planta_5.jpg,277,1
20220417_153105_planta_6,20220417_153105_planta_6.jpg,151,0
20220417_153123_planta_0,20220417_153123_planta_0.jpg,18,0
20220417_153137_planta_0,20220417_153137_planta_0.jpg,41,0
20220417_153142_planta_0,20220417_153142_planta_0.jpg,162,0
20220417_153151_planta_0,20220417_153151_planta_0.jpg,52,0
20220417_153244_planta_1,20220417_153244_planta_1.jpg,295,2
20220417_153309_planta_0,20220417_153309_planta_0.jpg,59,0
20220417_153309_planta_1,20220417_153309_planta_1.jpg,273,1
20220417_153405_planta_0,20220417_153405_planta_0.jpg,280,1
20220417_153411_planta_0,20220417_153411_planta_0.jpg,312,2
20220417_153444_planta_0,20220417_153444_planta_0.jpg,112,0
20220417_153523_planta_1,20220417_153523_planta_1.jpg,208,0
20220417_153526_planta_1,20220417_153526_planta_1.jpg,35,0
20220417_153533_planta_1,20220417_153533_planta_1.jpg,208,0
20220417_153533_planta_2,20220417_153533_planta_2.jpg,226,1
20220417_153533_planta_3,20220417_153533_planta_3.jpg,124,0
20220417_153533_planta_4,20220417_153533_planta_4.jpg,69,0
20220417_153533_planta_5,20220417_153533_planta_5.jpg,185,0
20220417_153554_planta_0,20220417_153554_planta_0.jpg,48,0
20220417_153557_planta_0,20220417_153557_planta_0.jpg,41,0
20220417_153557_planta_1,20220417_153557_planta_1.jpg,307,2
20220417_153557_planta_2,20220417_153557_planta_2.jpg,69,0
20220417_153559_planta_1,20220417_153559_planta_1.jpg,111,0
20220417_153614_planta_0,20220417_153614_planta_0.jpg,23,0
20220417_153622_planta_0,20220417_153622_planta_0.jpg,317,3
20220417_153635_planta_1,20220417_153635_planta_1.jpg,131,0
20220417_153706_planta_0,20220417_153706_planta_0.jpg,82,0
20220417_153740_planta_1,20220417_153740_planta_1.jpg,264,1
20220417_153805_planta_0,20220417_153805_planta_0.jpg,41,0
20220417_153805_planta_1,20220417_153805_planta_1.jpg,41,0
20220417_153805_planta_10,20220417_153805_planta_10.jpg,75,0
20220417_153805_planta_4,20220417_153805_planta_4.jpg,35,0
20220417_153805_planta_5,20220417_153805_planta_5.jpg,28,0
20220417_153805_planta_6,20220417_153805_planta_6.jpg,28,0
20220417_153805_planta_7,20220417_153805_planta_7.jpg,276,1
20220417_153805_planta_8,20220417_153805_planta_8.jpg,297,2
20220417_153805_planta_9,20220417_153805_planta_9.jpg,10,0
20220417_153825_planta_0,20220417_153825_planta_0.jpg,312,2
20220417_153825_planta_1,20220417_153825_planta_1.jpg,221,1
20220417_153851_planta_2,20220417_153851_planta_2.jpg,208,0
20220417_153851_planta_4,20220417_153851_planta_4.jpg,75,0
20220417_153851_planta_5,20220417_153851_planta_5.jpg,18,0
20220417_153853_planta_0,20220417_153853_planta_0.jpg,287,1
20220417_153853_planta_3,20220417_153853_planta_3.jpg,75,0
20220417_153853_planta_4,20220417_153853_planta_4.jpg,18,0
20220417_153853_planta_5,20220417_153853_planta_5.jpg,18,0
20220417_153944_planta_0,20220417_153944_planta_0.jpg,166,0
20220417_153944_planta_1,20220417_153944_planta_1.jpg,277,1
20220417_154002_planta_0,20220417_154002_planta_0.jpg,30,0
20220417_154018_planta_0,20220417_154018_planta_0.jpg,277,1
20220417_154018_planta_1,20220417_154018_planta_1.jpg,249,1
20220417_154018_planta_2,20220417_154018_planta_2.jpg,303,2
20220417_154018_planta_4,20220417_154018_planta_4.jpg,18,0
20220417_154018_planta_5,20220417_154018_planta_5.jpg,32,0
20220417_154415_planta_0,20220417_154415_planta_0.jpg,38,0
20220417_154415_planta_1,20220417_154415_planta_1.jpg,307,2
20220417_154415_planta_10,20220417_154415_planta_10.jpg,39,0
20220417_154415_planta_12,20220417_154415_planta_12.jpg,234,1
20220417_154415_planta_13,20220417_154415_planta_13.jpg,151,0
20220417_154415_planta_3,20220417_154415_planta_3.jpg,69,0
20220417_154415_planta_4,20220417_154415_planta_4.jpg,248,1
20220417_154415_planta_5,20220417_154415_planta_5.jpg,151,0
20220417_154415_planta_6,20220417_154415_planta_6.jpg,151,0
20220417_154415_planta_7,20220417_154415_planta_7.jpg,151,0
20220417_154415_planta_8,20220417_154415_planta_8.jpg,23,0
20220417_154415_planta_9,20220417_154415_planta_9.jpg,39,0
20220417_154420_planta_10,20220417_154420_planta_10.jpg,279,1
20220417_154420_planta_11,20220417_154420_planta_11.jpg,151,0
20220417_154420_planta_12,20220417_154420_planta_12.jpg,38,0
20220417_154420_planta_14,20220417_154420_planta_14.jpg,35,0
20220417_154420_planta_15,20220417_154420_planta_15.jpg,23,0
20220417_154420_planta_16,20220417_154420_planta_16.jpg,160,0
20220417_154420_planta_2,20220417_154420_planta_2.jpg,149,0
20220417_154420_planta_3,20220417_154420_planta_3.jpg,39,0
20220417_154420_planta_4,20220417_154420_planta_4.jpg,39,0
20220417_154420_planta_5,20220417_154420_planta_5.jpg,85,0
20220417_154420_planta_6,20220417_154420_planta_6.jpg,222,1
20220417_154420_planta_8,20220417_154420_planta_8.jpg,149,0
20220417_154427_planta_0,20220417_154427_planta_0.jpg,195,0
20220417_154446_planta_0,20220417_154446_planta_0.jpg,260,1
20220417_154446_planta_1,20220417_154446_planta_1.jpg,173,0
20220417_154446_planta_3,20220417_154446_planta_3.jpg,41,0
20220417_154446_planta_4,20220417_154446_planta_4.jpg,14,0
20220417_154501_planta_0,20220417_154501_planta_0.jpg,116,0
20220417_154507_planta_0,20220417_154507_planta_0.jpg,116,0
20220417_154512_planta_0,20220417_154512_planta_0.jpg,279,1
20220417_154512_planta_1,20220417_154512_planta_1.jpg,68,0
20220417_154512_planta_2,20220417_154512_planta_2.jpg,68,0
20220417_154534_planta_3,20220417_154534_planta_3.jpg,173,0
20220417_154541_planta_1,20220417_154541_planta_1.jpg,116,0
20220417_154541_planta_2,20220417_154541_planta_2.jpg,84,0
20220417_154541_planta_5,20220417_154541_planta_5.jpg,312,2
20220417_154544_planta_2,20220417_154544_planta_2.jpg,173,0
20220417_154544_planta_3,20220417_154544_planta_3.jpg,192,0
20220417_154544_planta_4,20220417_154544_planta_4.jpg,154,0
20220417_154544_planta_5,20220417_154544_planta_5.jpg,197,0
20220417_154544_planta_6,20220417_154544_planta_6.jpg,260,1
20220417_154544_planta_7,20220417_154544_planta_7.jpg,193,0
20220417_154547_planta_0,20220417_154547_planta_0.jpg,249,1
20220417_154547_planta_1,20220417_154547_planta_1.jpg,45,0
20220417_154547_planta_2,20220417_154547_planta_2.jpg,109,0
20220417_154547_planta_3,20220417_154547_planta_3.jpg,154,0
20220417_154547_planta_4,20220417_154547_planta_4.jpg,290,2
20220417_154547_planta_5,20220417_154547_planta_5.jpg,278,1
20220417_154547_planta_6,20220417_154547_planta_6.jpg,312,2
20220417_154556_planta_0,20220417_154556_planta_0.jpg,290,2
20220417_154556_planta_1,20220417_154556_planta_1.jpg,193,0
20220417_154556_planta_2,20220417_154556_planta_2.jpg,193,0
20220417_154556_planta_3,20220417_154556_planta_3.jpg,290,2
20220417_154556_planta_4,20220417_154556_planta_4.jpg,174,0
20220417_154556_planta_5,20220417_154556_planta_5.jpg,82,0
20220417_154556_planta_6,20220417_154556_planta_6.jpg,48,0
20220417_154556_planta_7,20220417_154556_planta_7.jpg,312,2
20220417_154605_planta_0,20220417_154605_planta_0.jpg,312,2
20220417_154605_planta_1,20220417_154605_planta_1.jpg,51,0
20220417_154605_planta_2,20220417_154605_planta_2.jpg,312,2
20220417_154614_planta_0,20220417_154614_planta_0.jpg,154,0
20220417_154614_planta_1,20220417_154614_planta_1.jpg,174,0
20220417_154614_planta_2,20220417_154614_planta_2.jpg,51,0
20220417_154616_planta_0,20220417_154616_planta_0.jpg,197,0
20220417_154616_planta_1,20220417_154616_planta_1.jpg,174,0
20220417_154633_planta_0,20220417_154633_planta_0.jpg,162,0
20220417_154633_planta_1,20220417_154633_planta_1.jpg,279,1
20220417_154644_planta_1,20220417_154644_planta_1.jpg,260,1
20220417_154644_planta_2,20220417_154644_planta_2.jpg,278,1
20220417_154649_planta_1,20220417_154649_planta_1.jpg,194,0
20220417_154649_planta_3,20220417_154649_planta_3.jpg,159,0
20220417_154656_planta_0,20220417_154656_planta_0.jpg,173,0
20220417_154656_planta_1,20220417_154656_planta_1.jpg,122,0
20220417_154706_planta_0,20220417_154706_planta_0.jpg,307,2
20220417_154706_planta_1,20220417_154706_planta_1.jpg,174,0
20220417_154706_planta_2,20220417_154706_planta_2.jpg,159,0
20220417_154706_planta_3,20220417_154706_planta_3.jpg,195,0
20220417_154710_planta_0,20220417_154710_planta_0.jpg,260,1
20220417_154710_planta_1,20220417_154710_planta_1.jpg,154,0
20220417_154720_planta_0,20220417_154720_planta_0.jpg,136,0
20220417_154720_planta_2,20220417_154720_planta_2.jpg,242,1
20220417_154728_planta_1,20220417_154728_planta_1.jpg,260,1
20220417_154728_planta_2,20220417_154728_planta_2.jpg,69,0
20220417_154734_planta_0,20220417_154734_planta_0.jpg,195,0
20220417_154736_planta_0,20220417_154736_planta_0.jpg,208,0
20220417_154736_planta_1,20220417_154736_planta_1.jpg,279,1
20220417_154739_planta_0,20220417_154739_planta_0.jpg,72,0
20220417_154739_planta_1,20220417_154739_planta_1.jpg,72,0
20220417_154748_planta_0,20220417_154748_planta_0.jpg,136,0
20220417_154801_planta_0,20220417_154801_planta_0.jpg,174,0
20220417_154804_planta_1,20220417_154804_planta_1.jpg,193,0
20220417_154804_planta_3,20220417_154804_planta_3.jpg,174,0
20220417_154808_planta_0,20220417_154808_planta_0.jpg,260,1
20220417_154820_planta_0,20220417_154820_planta_0.jpg,39,0
20220417_154820_planta_1,20220417_154820_planta_1.jpg,106,0
20220417_154841_planta_0,20220417_154841_planta_0.jpg,118,0
20220417_154841_planta_1,20220417_154841_planta_1.jpg,279,1
20220417_154843_planta_0,20220417_154843_planta_0.jpg,289,1
20220417_154843_planta_1,20220417_154843_planta_1.jpg,279,1
20220417_154843_planta_2,20220417_154843_planta_2.jpg,160,0
20220417_154846_planta_0,20220417_154846_planta_0.jpg,26,0
20220417_154849_planta_0,20220417_154849_planta_0.jpg,74,0
20220417_154849_planta_1,20220417_154849_planta_1.jpg,72,0
20220417_154858_planta_0,20220417_154858_planta_0.jpg,277,1
20220417_154911_planta_0,20220417_154911_planta_0.jpg,174,0
20220417_154911_planta_1,20220417_154911_planta_1.jpg,277,1
20220417_154911_planta_2,20220417_154911_planta_2.jpg,192,0
20220417_154915_planta_0,20220417_154915_planta_0.jpg,-1,-1
20220417_154915_planta_1,20220417_154915_planta_1.jpg,75,0
20220417_154915_planta_2,20220417_154915_planta_2.jpg,174,0
20220417_154923_planta_0,20220417_154923_planta_0.jpg,174,0
20220417_154923_planta_1,20220417_154923_planta_1.jpg,193,0
20220417_154923_planta_2,20220417_154923_planta_2.jpg,174,0
20220417_154923_planta_3,20220417_154923_planta_3.jpg,231,1
20220417_154934_planta_0,20220417_154934_planta_0.jpg,159,0
20220417_154934_planta_2,20220417_154934_planta_2.jpg,86,0
20220417_154934_planta_3,20220417_154934_planta_3.jpg,233,1
20220417_154940_planta_0,20220417_154940_planta_0.jpg,86,0
20220417_154940_planta_1,20220417_154940_planta_1.jpg,159,0
20220417_154940_planta_2,20220417_154940_planta_2.jpg,193,0
20220417_154940_planta_3,20220417_154940_planta_3.jpg,233,1
20220417_154949_planta_0,20220417_154949_planta_0.jpg,72,0
20220417_154949_planta_1,20220417_154949_planta_1.jpg,82,0
20220417_154949_planta_2,20220417_154949_planta_2.jpg,151,0
20220417_154949_planta_3,20220417_154949_planta_3.jpg,162,0
20220417_154949_planta_4,20220417_154949_planta_4.jpg,82,0
20220417_154957_planta_0,20220417_154957_planta_0.jpg,173,0
20220417_154957_planta_1,20220417_154957_planta_1.jpg,194,0
20220417_155015_planta_0,20220417_155015_planta_0.jpg,154,0
20220417_155015_planta_1,20220417_155015_planta_1.jpg,269,1
20220417_155015_planta_2,20220417_155015_planta_2.jpg,279,1
20220417_155019_planta_1,20220417_155019_planta_1.jpg,162,0
20220417_155023_planta_0,20220417_155023_planta_0.jpg,162,0
20220417_155028_planta_0,20220417_155028_planta_0.jpg,72,0
20220417_155028_planta_1,20220417_155028_planta_1.jpg,161,0
20220417_155035_planta_0,20220417_155035_planta_0.jpg,72,0
20220417_155035_planta_1,20220417_155035_planta_1.jpg,75,0
20220417_155052_planta_0,20220417_155052_planta_0.jpg,38,0
20220417_155052_planta_1,20220417_155052_planta_1.jpg,191,0
20220417_155052_planta_2,20220417_155052_planta_2.jpg,227,1
20220417_155052_planta_3,20220417_155052_planta_3.jpg,22,0
20220417_155059_planta_1,20220417_155059_planta_1.jpg,60,0
20220417_155059_planta_2,20220417_155059_planta_2.jpg,174,0
20220417_155103_planta_0,20220417_155103_planta_0.jpg,135,0
20220417_155103_planta_1,20220417_155103_planta_1.jpg,149,0
20220417_155112_planta_0,20220417_155112_planta_0.jpg,231,1
20220417_155129_planta_0,20220417_155129_planta_0.jpg,162,0
20220417_155133_planta_0,20220417_155133_planta_0.jpg,30,0
20220417_155133_planta_2,20220417_155133_planta_2.jpg,270,1
20220417_155133_planta_3,20220417_155133_planta_3.jpg,162,0
20220417_155137_planta_0,20220417_155137_planta_0.jpg,174,0
20220417_155137_planta_1,20220417_155137_planta_1.jpg,157,0
20220417_155147_planta_0,20220417_155147_planta_0.jpg,72,0
20220417_155152_planta_0,20220417_155152_planta_0.jpg,30,0
20220417_155157_planta_0,20220417_155157_planta_0.jpg,160,0
20220417_155200_planta_0,20220417_155200_planta_0.jpg,118,0
20220417_155200_planta_1,20220417_155200_planta_1.jpg,135,0
20220417_155200_planta_3,20220417_155200_planta_3.jpg,110,0
20220417_155200_planta_4,20220417_155200_planta_4.jpg,194,0
20220417_155209_planta_0,20220417_155209_planta_0.jpg,26,0
20220417_155213_planta_0,20220417_155213_planta_0.jpg,290,2
20220417_155216_planta_0,20220417_155216_planta_0.jpg,51,0
20220417_155223_planta_0,20220417_155223_planta_0.jpg,279,1
20220417_155228_planta_0,20220417_155228_planta_0.jpg,118,0
20220417_155228_planta_1,20220417_155228_planta_1.jpg,149,0
20220417_155228_planta_3,20220417_155228_planta_3.jpg,118,0
20220417_155228_planta_4,20220417_155228_planta_4.jpg,160,0
20220417_155228_planta_5,20220417_155228_planta_5.jpg,43,0
20220417_155541_planta_1,20220417_155541_planta_1.jpg,239,1
20220417_155541_planta_2,20220417_155541_planta_2.jpg,307,2
20220417_155541_planta_3,20220417_155541_planta_3.jpg,278,1
20220417_155541_planta_4,20220417_155541_planta_4.jpg,279,1
20220417_155541_planta_5,20220417_155541_planta_5.jpg,160,0
20220417_155541_planta_6,20220417_155541_planta_6.jpg,195,0
20220417_155541_planta_7,20220417_155541_planta_7.jpg,279,1
20220417_155543_planta_1,20220417_155543_planta_1.jpg,239,1
20220417_155543_planta_3,20220417_155543_planta_3.jpg,43,0
20220417_155543_planta_4,20220417_155543_planta_4.jpg,44,0
20220417_155543_planta_5,20220417_155543_planta_5.jpg,162,0
20220417_155543_planta_6,20220417_155543_planta_6.jpg,279,1
20220417_155543_planta_7,20220417_155543_planta_7.jpg,43,0
20220417_155548_planta_0,20220417_155548_planta_0.jpg,14,0
20220417_155548_planta_1,20220417_155548_planta_1.jpg,124,0
20220417_155548_planta_2,20220417_155548_planta_2.jpg,15,0
20220417_155548_planta_4,20220417_155548_planta_4.jpg,43,0
20220417_155548_planta_5,20220417_155548_planta_5.jpg,270,1
20220417_155548_planta_6,20220417_155548_planta_6.jpg,75,0
20220417_155548_planta_7,20220417_155548_planta_7.jpg,26,0
20220417_155548_planta_8,20220417_155548_planta_8.jpg,160,0
20220417_155556_planta_0,20220417_155556_planta_0.jpg,315,3
20220417_155556_planta_1,20220417_155556_planta_1.jpg,232,1
20220417_155602_planta_0,20220417_155602_planta_0.jpg,124,0
20220417_155602_planta_1,20220417_155602_planta_1.jpg,231,1
20220417_155604_planta_0,20220417_155604_planta_0.jpg,320,3
20220417_155604_planta_1,20220417_155604_planta_1.jpg,72,0
20220417_155604_planta_3,20220417_155604_planta_3.jpg,81,0
20220417_155606_planta_0,20220417_155606_planta_0.jpg,118,0
20220417_155618_planta_1,20220417_155618_planta_1.jpg,72,0
20220417_155618_planta_2,20220417_155618_planta_2.jpg,215,0
20220417_155618_planta_3,20220417_155618_planta_3.jpg,121,0
20220417_155618_planta_4,20220417_155618_planta_4.jpg,86,0
20220417_155631_planta_0,20220417_155631_planta_0.jpg,39,0
20220417_155631_planta_1,20220417_155631_planta_1.jpg,174,0
20220417_155631_planta_10,20220417_155631_planta_10.jpg,68,0
20220417_155631_planta_2,20220417_155631_planta_2.jpg,136,0
20220417_155631_planta_3,20220417_155631_planta_3.jpg,316,3
20220417_155631_planta_5,20220417_155631_planta_5.jpg,319,3
20220417_155631_planta_6,20220417_155631_planta_6.jpg,292,2
20220417_155631_planta_7,20220417_155631_planta_7.jpg,72,0
20220417_155631_planta_8,20220417_155631_planta_8.jpg,260,1
20220417_155631_planta_9,20220417_155631_planta_9.jpg,135,0
20220417_155637_planta_0,20220417_155637_planta_0.jpg,173,0
20220417_155637_planta_1,20220417_155637_planta_1.jpg,174,0
20220417_155637_planta_2,20220417_155637_planta_2.jpg,173,0
20220417_155637_planta_3,20220417_155637_planta_3.jpg,154,0
20220417_155652_planta_1,20220417_155652_planta_1.jpg,231,1
20220417_155657_planta_1,20220417_155657_planta_1.jpg,194,0
20220417_155659_planta_0,20220417_155659_planta_0.jpg,231,1
20220417_155659_planta_1,20220417_155659_planta_1.jpg,7,0
20220417_155706_planta_0,20220417_155706_planta_0.jpg,65,0
20220417_155706_planta_1,20220417_155706_planta_1.jpg,44,0
20220417_155706_planta_2,20220417_155706_planta_2.jpg,75,0
20220417_155706_planta_3,20220417_155706_planta_3.jpg,279,1
20220417_155706_planta_4,20220417_155706_planta_4.jpg,149,0
20220417_155706_planta_5,20220417_155706_planta_5.jpg,279,1
20220417_155706_planta_6,20220417_155706_planta_6.jpg,312,2
20220417_155723_planta_0,20220417_155723_planta_0.jpg,40,0
20220417_155723_planta_1,20220417_155723_planta_1.jpg,110,0
20220417_155730_planta_0,20220417_155730_planta_0.jpg,295,2
20220417_155735_planta_0,20220417_155735_planta_0.jpg,72,0
20220417_155742_planta_0,20220417_155742_planta_0.jpg,264,1
20220417_155801_planta_0,20220417_155801_planta_0.jpg,149,0
20220417_155806_planta_0,20220417_155806_planta_0.jpg,195,0
20220417_155806_planta_1,20220417_155806_planta_1.jpg,26,0
20220417_155806_planta_3,20220417_155806_planta_3.jpg,72,0
20220417_155818_planta_0,20220417_155818_planta_0.jpg,195,0
20220417_155818_planta_1,20220417_155818_planta_1.jpg,41,0
20220417_155818_planta_2,20220417_155818_planta_2.jpg,317,3
20220417_155818_planta_3,20220417_155818_planta_3.jpg,273,1
20220417_155818_planta_4,20220417_155818_planta_4.jpg,15,0
20220417_155823_planta_0,20220417_155823_planta_0.jpg,226,1
20220417_155827_planta_0,20220417_155827_planta_0.jpg,295,2
20220417_155834_planta_1,20220417_155834_planta_1.jpg,295,2
20220417_155834_planta_2,20220417_155834_planta_2.jpg,111,0
20220417_155834_planta_3,20220417_155834_planta_3.jpg,111,0
20220417_155840_planta_0,20220417_155840_planta_0.jpg,104,0
20220417_155840_planta_1,20220417_155840_planta_1.jpg,162,0
20220417_155847_planta_0,20220417_155847_planta_0.jpg,231,1
20220417_155901_planta_1,20220417_155901_planta_1.jpg,45,0
20220417_155901_planta_2,20220417_155901_planta_2.jpg,216,1
20220417_155927_planta_0,20220417_155927_planta_0.jpg,260,1
20220417_155933_planta_0,20220417_155933_planta_0.jpg,161,0
20220417_155936_planta_0,20220417_155936_planta_0.jpg,82,0
20220417_155943_planta_0,20220417_155943_planta_0.jpg,264,1
20220417_155943_planta_1,20220417_155943_planta_1.jpg,26,0
20220417_155943_planta_2,20220417_155943_planta_2.jpg,111,0
20220417_155950_planta_0,20220417_155950_planta_0.jpg,270,1
20220417_155955_planta_0,20220417_155955_planta_0.jpg,270,1
20220417_155955_planta_1,20220417_155955_planta_1.jpg,65,0
20220417_155956_planta_0,20220417_155956_planta_0.jpg,161,0
20220417_155956_planta_1,20220417_155956_planta_1.jpg,65,0
20220417_155959_planta_0,20220417_155959_planta_0.jpg,270,1
20220417_160002_planta_0,20220417_160002_planta_0.jpg,161,0
20220417_160012_planta_0,20220417_160012_planta_0.jpg,320,3
20220417_160018_planta_0,20220417_160018_planta_0.jpg,48,0
20220417_160025_planta_0,20220417_160025_planta_0.jpg,263,1
20220417_160029_planta_0,20220417_160029_planta_0.jpg,6,0
20220417_160032_planta_1,20220417_160032_planta_1.jpg,278,1
20220417_160043_planta_0,20220417_160043_planta_0.jpg,48,0
20220417_160043_planta_1,20220417_160043_planta_1.jpg,162,0
20220417_160046_planta_0,20220417_160046_planta_0.jpg,218,1
20220417_160050_planta_0,20220417_160050_planta_0.jpg,279,1
20220417_160054_planta_0,20220417_160054_planta_0.jpg,82,0
20220417_160057_planta_0,20220417_160057_planta_0.jpg,26,0
20220417_160102_planta_1,20220417_160102_planta_1.jpg,108,0
20220417_160105_planta_1,20220417_160105_planta_1.jpg,279,1
20220417_160105_planta_2,20220417_160105_planta_2.jpg,211,0
20220417_160105_planta_3,20220417_160105_planta_3.jpg,81,0
20220417_160105_planta_4,20220417_160105_planta_4.jpg,319,3
20220417_160110_planta_0,20220417_160110_planta_0.jpg,162,0
20220417_160113_planta_0,20220417_160113_planta_0.jpg,135,0
20220417_160118_planta_0,20220417_160118_planta_0.jpg,278,1
20220417_160118_planta_1,20220417_160118_planta_1.jpg,162,0
20220417_160118_planta_2,20220417_160118_planta_2.jpg,162,0
20220417_160122_planta_0,20220417_160122_planta_0.jpg,260,1
20220417_160134_planta_0,20220417_160134_planta_0.jpg,279,1
20220417_160144_planta_0,20220417_160144_planta_0.jpg,162,0
20220417_160144_planta_1,20220417_160144_planta_1.jpg,308,2
20220417_160144_planta_2,20220417_160144_planta_2.jpg,108,0
20220417_160147_planta_1,20220417_160147_planta_1.jpg,280,1
20220417_160147_planta_2,20220417_160147_planta_2.jpg,48,0
20220417_160153_planta_0,20220417_160153_planta_0.jpg,227,1
20220417_160153_planta_1,20220417_160153_planta_1.jpg,227,1
20220417_160153_planta_2,20220417_160153_planta_2.jpg,227,1
20220417_160201_planta_1,20220417_160201_planta_1.jpg,283,1
20220417_160201_planta_3,20220417_160201_planta_3.jpg,270,1
20220417_160201_planta_4,20220417_160201_planta_4.jpg,82,0
20220417_160201_planta_5,20220417_160201_planta_5.jpg,161,0
20220417_160208_planta_0,20220417_160208_planta_0.jpg,112,0
20220417_160208_planta_1,20220417_160208_planta_1.jpg,104,0
20220417_160208_planta_2,20220417_160208_planta_2.jpg,128,0
20220417_160214_planta_0,20220417_160214_planta_0.jpg,22,0
20220417_160223_planta_1,20220417_160223_planta_1.jpg,125,0
20220417_160228_planta_0,20220417_160228_planta_0.jpg,51,0
20220417_160235_planta_0,20220417_160235_planta_0.jpg,104,0
20220417_160243_planta_0,20220417_160243_planta_0.jpg,307,2
20220417_160244_planta_1,20220417_160244_planta_1.jpg,270,1
20220417_160249_planta_0,20220417_160249_planta_0.jpg,51,0
20220417_160251_planta_1,20220417_160251_planta_1.jpg,51,0
20220417_160251_planta_3,20220417_160251_planta_3.jpg,159,0
20220417_160257_planta_1,20220417_160257_planta_1.jpg,295,2
20220417_160257_planta_2,20220417_160257_planta_2.jpg,222,1
20220417_160257_planta_3,20220417_160257_planta_3.jpg,159,0
20220417_160257_planta_4,20220417_160257_planta_4.jpg,51,0
20220417_160257_planta_5,20220417_160257_planta_5.jpg,222,1
20220417_160338_planta_0,20220417_160338_planta_0.jpg,222,1
20220417_160338_planta_1,20220417_160338_planta_1.jpg,279,1
20220417_160343_planta_0,20220417_160343_planta_0.jpg,51,0
20220417_160343_planta_1,20220417_160343_planta_1.jpg,312,2
20220417_160348_planta_2,20220417_160348_planta_2.jpg,308,2
20220417_160348_planta_4,20220417_160348_planta_4.jpg,226,1
20220417_160348_planta_6,20220417_160348_planta_6.jpg,118,0
20220417_160348_planta_7,20220417_160348_planta_7.jpg,279,1
20220417_160351_planta_0,20220417_160351_planta_0.jpg,290,2
20220417_160359_planta_0,20220417_160359_planta_0.jpg,222,1
20220417_160359_planta_1,20220417_160359_planta_1.jpg,284,1
20220417_160401_planta_1,20220417_160401_planta_1.jpg,74,0
20220417_160403_planta_0,20220417_160403_planta_0.jpg,118,0
20220417_160406_planta_0,20220417_160406_planta_0.jpg,118,0
20220417_160410_planta_0,20220417_160410_planta_0.jpg,72,0
20220417_160410_planta_1,20220417_160410_planta_1.jpg,307,2
20220417_160414_planta_0,20220417_160414_planta_0.jpg,194,0
20220417_160414_planta_1,20220417_160414_planta_1.jpg,30,0
20220417_160420_planta_0,20220417_160420_planta_0.jpg,260,1
20220417_160420_planta_1,20220417_160420_planta_1.jpg,65,0
20220417_160422_planta_0,20220417_160422_planta_0.jpg,33,0
20220417_160434_planta_0,20220417_160434_planta_0.jpg,112,0
20220417_160439_planta_0,20220417_160439_planta_0.jpg,278,1
20220417_160439_planta_3,20220417_160439_planta_3.jpg,279,1
20220417_160439_planta_4,20220417_160439_planta_4.jpg,81,0
20220417_160441_planta_1,20220417_160441_planta_1.jpg,162,0
20220417_160441_planta_2,20220417_160441_planta_2.jpg,222,1
20220417_160441_planta_3,20220417_160441_planta_3.jpg,162,0
20220417_160443_planta_0,20220417_160443_planta_0.jpg,307,2
20220417_160443_planta_1,20220417_160443_planta_1.jpg,320,3
20220417_160453_planta_0,20220417_160453_planta_0.jpg,222,1
20220417_160453_planta_1,20220417_160453_planta_1.jpg,51,0
20220417_160454_planta_1,20220417_160454_planta_1.jpg,48,0
20220417_160456_planta_0,20220417_160456_planta_0.jpg,33,0
20220417_160459_planta_0,20220417_160459_planta_0.jpg,279,1
20220417_160501_planta_0,20220417_160501_planta_0.jpg,284,1
20220417_160536_planta_0,20220417_160536_planta_0.jpg,82,0
20220417_160544_planta_0,20220417_160544_planta_0.jpg,279,1
20220417_160544_planta_2,20220417_160544_planta_2.jpg,20,0
20220417_160549_planta_0,20220417_160549_planta_0.jpg,143,0
20220417_160551_planta_0,20220417_160551_planta_0.jpg,49,0
20220417_160614_planta_0,20220417_160614_planta_0.jpg,215,0
20220417_160621_planta_0,20220417_160621_planta_0.jpg,307,2
20220417_160621_planta_1,20220417_160621_planta_1.jpg,279,1
20220417_160640_planta_0,20220417_160640_planta_0.jpg,279,1
20220417_160641_planta_0,20220417_160641_planta_0.jpg,279,1
20220417_160647_planta_0,20220417_160647_planta_0.jpg,310,2
20220417_160650_planta_1,20220417_160650_planta_1.jpg,279,1
20220417_160659_planta_0,20220417_160659_planta_0.jpg,269,1
20220417_160704_planta_0,20220417_160704_planta_0.jpg,82,0
20220417_160708_planta_0,20220417_160708_planta_0.jpg,123,0
20220417_160713_planta_0,20220417_160713_planta_0.jpg,221,1
20220417_160716_planta_0,20220417_160716_planta_0.jpg,118,0
20220417_160716_planta_1,20220417_160716_planta_1.jpg,277,1
20220417_160716_planta_2,20220417_160716_planta_2.jpg,281,1
20220417_160726_planta_0,20220417_160726_planta_0.jpg,307,2
20220417_160731_planta_0,20220417_160731_planta_0.jpg,293,2
20220417_160738_planta_0,20220417_160738_planta_0.jpg,312,2
20220417_160738_planta_1,20220417_160738_planta_1.jpg,260,1
20220417_160738_planta_2,20220417_160738_planta_2.jpg,108,0
20220417_160738_planta_3,20220417_160738_planta_3.jpg,104,0
20220417_160744_planta_0,20220417_160744_planta_0.jpg,118,0
20220417_160746_planta_0,20220417_160746_planta_0.jpg,104,0
20220417_160749_planta_0,20220417_160749_planta_0.jpg,264,1
20220417_160757_planta_0,20220417_160757_planta_0.jpg,109,0
20220417_160802_planta_1,20220417_160802_planta_1.jpg,232,1
20220417_160807_planta_0,20220417_160807_planta_0.jpg,26,0
20220417_160807_planta_1,20220417_160807_planta_1.jpg,72,0
20220417_160817_planta_0,20220417_160817_planta_0.jpg,295,2
20220417_160824_planta_0,20220417_160824_planta_0.jpg,212,0
20220417_160826_planta_0,20220417_160826_planta_0.jpg,82,0
20220417_160828_planta_1,20220417_160828_planta_1.jpg,202,0
20220417_160835_planta_0,20220417_160835_planta_0.jpg,284,1
20220417_160835_planta_1,20220417_160835_planta_1.jpg,288,1
20220417_160835_planta_3,20220417_160835_planta_3.jpg,232,1
20220417_160855_planta_0,20220417_160855_planta_0.jpg,82,0
20220417_160855_planta_1,20220417_160855_planta_1.jpg,295,2
20220417_160858_planta_0,20220417_160858_planta_0.jpg,227,1
20220417_160906_planta_1,20220417_160906_planta_1.jpg,82,0
20220417_160916_planta_0,20220417_160916_planta_0.jpg,232,1
20220417_160918_planta_0,20220417_160918_planta_0.jpg,279,1
20220417_160922_planta_0,20220417_160922_planta_0.jpg,104,0
20220417_160922_planta_2,20220417_160922_planta_2.jpg,111,0
20220417_160932_planta_0,20220417_160932_planta_0.jpg,231,1
20220417_160949_planta_0,20220417_160949_planta_0.jpg,82,0
20220417_160954_planta_1,20220417_160954_planta_1.jpg,104,0
20220417_161000_planta_0,20220417_161000_planta_0.jpg,278,1
20220417_161000_planta_1,20220417_161000_planta_1.jpg,38,0
20220417_161013_planta_1,20220417_161013_planta_1.jpg,298,2
20220417_161015_planta_0,20220417_161015_planta_0.jpg,45,0
20220417_161018_planta_1,20220417_161018_planta_1.jpg,72,0
20220417_161021_planta_0,20220417_161021_planta_0.jpg,108,0
20220417_161027_planta_0,20220417_161027_planta_0.jpg,232,1
20220417_161032_planta_1,20220417_161032_planta_1.jpg,123,0
20220417_161036_planta_0,20220417_161036_planta_0.jpg,108,0
20220417_161043_planta_1,20220417_161043_planta_1.jpg,108,0
20220417_161043_planta_2,20220417_161043_planta_2.jpg,290,2
20220417_161043_planta_3,20220417_161043_planta_3.jpg,123,0
20220417_161043_planta_4,20220417_161043_planta_4.jpg,85,0
20220417_161048_planta_1,20220417_161048_planta_1.jpg,130,0
20220417_161054_planta_0,20220417_161054_planta_0.jpg,108,0
20220417_161101_planta_0,20220417_161101_planta_0.jpg,278,1
20220417_161105_planta_0,20220417_161105_planta_0.jpg,222,1
20220417_161115_planta_0,20220417_161115_planta_0.jpg,162,0
20220417_161115_planta_1,20220417_161115_planta_1.jpg,39,0
20220417_161125_planta_0,20220417_161125_planta_0.jpg,112,0
20220417_161125_planta_1,20220417_161125_planta_1.jpg,149,0
20220417_161135_planta_1,20220417_161135_planta_1.jpg,260,1
20220417_161139_planta_0,20220417_161139_planta_0.jpg,211,0
20220417_161149_planta_0,20220417_161149_planta_0.jpg,263,1
20220417_161149_planta_1,20220417_161149_planta_1.jpg,214,0
20220417_161155_planta_0,20220417_161155_planta_0.jpg,260,1
20220417_161155_planta_1,20220417_161155_planta_1.jpg,290,2
20220417_161204_planta_0,20220417_161204_planta_0.jpg,279,1
20220417_161204_planta_1,20220417_161204_planta_1.jpg,72,0
20220417_161220_planta_0,20220417_161220_planta_0.jpg,295,2
20220417_161254_planta_0,20220417_161254_planta_0.jpg,222,1
20220417_161256_planta_0,20220417_161256_planta_0.jpg,51,0
20220417_161302_planta_0,20220417_161302_planta_0.jpg,264,1
20220417_161307_planta_0,20220417_161307_planta_0.jpg,295,2
20220417_161307_planta_1,20220417_161307_planta_1.jpg,112,0
20220417_161307_planta_2,20220417_161307_planta_2.jpg,295,2
20220417_161307_planta_3,20220417_161307_planta_3.jpg,263,1
20220417_161307_planta_4,20220417_161307_planta_4.jpg,228,1
20220417_161307_planta_5,20220417_161307_planta_5.jpg,295,2
20220417_161307_planta_6,20220417_161307_planta_6.jpg,295,2
20220417_161417_planta_0,20220417_161417_planta_0.jpg,307,2
20220417_161445_planta_0,20220417_161445_planta_0.jpg,160,0
20220417_161658_planta_0,20220417_161658_planta_0.jpg,-1,-1
20220417_161702_planta_0,20220417_161702_planta_0.jpg,281,1
20220417_161716_planta_0,20220417_161716_planta_0.jpg,226,1
20220417_161850_planta_0,20220417_161850_planta_0.jpg,251,1
20220417_161850_planta_2,20220417_161850_planta_2.jpg,81,0
20220417_162003_planta_0,20220417_162003_planta_0.jpg,317,3
20220417_162010_planta_0,20220417_162010_planta_0.jpg,284,1
20220417_162010_planta_1,20220417_162010_planta_1.jpg,312,2
20220417_162022_planta_1,20220417_162022_planta_1.jpg,260,1
20220417_162022_planta_2,20220417_162022_planta_2.jpg,193,0
20220417_162022_planta_6,20220417_162022_planta_6.jpg,193,0
20220417_162022_planta_7,20220417_162022_planta_7.jpg,202,0
20220417_162025_planta_2,20220417_162025_planta_2.jpg,202,0
20220417_162044_planta_0,20220417_162044_planta_0.jpg,131,0
20220417_162044_planta_1,20220417_162044_planta_1.jpg,123,0
20220417_162044_planta_10,20220417_162044_planta_10.jpg,69,0
20220417_162044_planta_3,20220417_162044_planta_3.jpg,23,0
20220417_162044_planta_4,20220417_162044_planta_4.jpg,290,2
20220417_162044_planta_5,20220417_162044_planta_5.jpg,109,0
20220417_162044_planta_6,20220417_162044_planta_6.jpg,38,0
20220417_162044_planta_7,20220417_162044_planta_7.jpg,192,0
20220417_162044_planta_9,20220417_162044_planta_9.jpg,123,0
20220417_162047_planta_1,20220417_162047_planta_1.jpg,35,0
20220417_162047_planta_10,20220417_162047_planta_10.jpg,123,0
20220417_162047_planta_2,20220417_162047_planta_2.jpg,192,0
20220417_162047_planta_3,20220417_162047_planta_3.jpg,311,2
20220417_162047_planta_5,20220417_162047_planta_5.jpg,69,0
20220417_162047_planta_6,20220417_162047_planta_6.jpg,283,1
20220417_162047_planta_7,20220417_162047_planta_7.jpg,193,0
20220417_162047_planta_8,20220417_162047_planta_8.jpg,217,1
20220417_162047_planta_9,20220417_162047_planta_9.jpg,309,2
20220417_162050_planta_0,20220417_162050_planta_0.jpg,131,0
20220417_162050_planta_1,20220417_162050_planta_1.jpg,38,0
20220417_162050_planta_3,20220417_162050_planta_3.jpg,23,0
20220417_162050_planta_4,20220417_162050_planta_4.jpg,22,0
20220417_162050_planta_5,20220417_162050_planta_5.jpg,23,0
20220417_162050_planta_6,20220417_162050_planta_6.jpg,23,0
20220417_162050_planta_7,20220417_162050_planta_7.jpg,51,0
20220417_162050_planta_8,20220417_162050_planta_8.jpg,173,0
20220417_162050_planta_9,20220417_162050_planta_9.jpg,260,1
20220417_162106_planta_0,20220417_162106_planta_0.jpg,135,0
20220417_162106_planta_1,20220417_162106_planta_1.jpg,32,0
20220417_162106_planta_10,20220417_162106_planta_10.jpg,23,0
20220417_162106_planta_11,20220417_162106_planta_11.jpg,210,0
20220417_162106_planta_12,20220417_162106_planta_12.jpg,38,0
20220417_162106_planta_13,20220417_162106_planta_13.jpg,238,1
20220417_162106_planta_2,20220417_162106_planta_2.jpg,38,0
20220417_162106_planta_3,20220417_162106_planta_3.jpg,23,0
20220417_162106_planta_4,20220417_162106_planta_4.jpg,217,1
20220417_162106_planta_5,20220417_162106_planta_5.jpg,23,0
20220417_162106_planta_6,20220417_162106_planta_6.jpg,35,0
20220417_162106_planta_7,20220417_162106_planta_7.jpg,29,0
20220417_162106_planta_8,20220417_162106_planta_8.jpg,-1,-1
20220417_162106_planta_9,20220417_162106_planta_9.jpg,23,0
20220417_162110_planta_0,20220417_162110_planta_0.jpg,318,3
20220417_162111_planta_1,20220417_162111_planta_1.jpg,22,0
20220417_162118_planta_0,20220417_162118_planta_0.jpg,23,0
20220417_162118_planta_1,20220417_162118_planta_1.jpg,22,0
20220417_162118_planta_2,20220417_162118_planta_2.jpg,15,0
20220417_162118_planta_3,20220417_162118_planta_3.jpg,29,0
20220417_162126_planta_0,20220417_162126_planta_0.jpg,193,0
20220417_162126_planta_1,20220417_162126_planta_1.jpg,41,0
20220417_162126_planta_2,20220417_162126_planta_2.jpg,38,0
20220417_162126_planta_3,20220417_162126_planta_3.jpg,38,0
20220417_162126_planta_5,20220417_162126_planta_5.jpg,263,1
20220417_162153_planta_0,20220417_162153_planta_0.jpg,284,1
20220417_162153_planta_1,20220417_162153_planta_1.jpg,38,0
20220417_162158_planta_1,20220417_162158_planta_1.jpg,311,2
20220417_162158_planta_2,20220417_162158_planta_2.jpg,284,1
20220417_162158_planta_4,20220417_162158_planta_4.jpg,284,1
20220417_162158_planta_5,20220417_162158_planta_5.jpg,284,1
20220417_162158_planta_7,20220417_162158_planta_7.jpg,198,0
20220417_162213_planta_1,20220417_162213_planta_1.jpg,22,0
20220417_162215_planta_1,20220417_162215_planta_1.jpg,22,0
20220417_162215_planta_2,20220417_162215_planta_2.jpg,285,1
20220417_162218_planta_1,20220417_162218_planta_1.jpg,284,1
20220417_162218_planta_2,20220417_162218_planta_2.jpg,308,2
20220417_162218_planta_3,20220417_162218_planta_3.jpg,233,1
20220417_162218_planta_4,20220417_162218_planta_4.jpg,14,0
20220417_162218_planta_5,20220417_162218_planta_5.jpg,60,0
20220417_162220_planta_1,20220417_162220_planta_1.jpg,215,0
20220417_162220_planta_2,20220417_162220_planta_2.jpg,123,0
20220417_162220_planta_3,20220417_162220_planta_3.jpg,85,0
20220417_162220_planta_4,20220417_162220_planta_4.jpg,130,0
20220417_162220_planta_6,20220417_162220_planta_6.jpg,23,0
20220417_162220_planta_7,20220417_162220_planta_7.jpg,120,0
20220417_162223_planta_2,20220417_162223_planta_2.jpg,109,0
20220417_162223_planta_3,20220417_162223_planta_3.jpg,123,0
20220417_162232_planta_0,20220417_162232_planta_0.jpg,309,2
20220417_162232_planta_1,20220417_162232_planta_1.jpg,210,0
20220417_162232_planta_2,20220417_162232_planta_2.jpg,69,0
20220417_162233_planta_0,20220417_162233_planta_0.jpg,123,0
20220417_162233_planta_1,20220417_162233_planta_1.jpg,210,0
20220417_162233_planta_2,20220417_162233_planta_2.jpg,69,0
20220417_162248_planta_1,20220417_162248_planta_1.jpg,309,2
20220417_162256_planta_0,20220417_162256_planta_0.jpg,123,0
20220417_162256_planta_2,20220417_162256_planta_2.jpg,41,0
20220417_162256_planta_3,20220417_162256_planta_3.jpg,41,0
20220417_162256_planta_4,20220417_162256_planta_4.jpg,131,0
20220417_162305_planta_2,20220417_162305_planta_2.jpg,69,0
20220417_162305_planta_4,20220417_162305_planta_4.jpg,260,1
20220417_162305_planta_5,20220417_162305_planta_5.jpg,193,0
20220417_162310_planta_1,20220417_162310_planta_1.jpg,162,0
20220417_162347_planta_0,20220417_162347_planta_0.jpg,147,0
20220417_162347_planta_3,20220417_162347_planta_3.jpg,218,1
20220417_162347_planta_4,20220417_162347_planta_4.jpg,41,0
20220417_162347_planta_6,20220417_162347_planta_6.jpg,160,0
20220417_162347_planta_9,20220417_162347_planta_9.jpg,15,0
20220417_162355_planta_0,20220417_162355_planta_0.jpg,51,0
20220417_162355_planta_1,20220417_162355_planta_1.jpg,222,1
20220417_162359_planta_0,20220417_162359_planta_0.jpg,0,0
20220417_162405_planta_0,20220417_162405_planta_0.jpg,174,0
20220417_162412_planta_1,20220417_162412_planta_1.jpg,131,0
20220417_162412_planta_2,20220417_162412_planta_2.jpg,260,1
20220417_162505_planta_0,20220417_162505_planta_0.jpg,307,2
20220417_162508_planta_0,20220417_162508_planta_0.jpg,312,2
20220417_162508_planta_1,20220417_162508_planta_1.jpg,86,0
20220417_162512_planta_0,20220417_162512_planta_0.jpg,260,1
20220417_162517_planta_0,20220417_162517_planta_0.jpg,260,1
20220417_162526_planta_1,20220417_162526_planta_1.jpg,31,0
20220417_162531_planta_0,20220417_162531_planta_0.jpg,260,1
20220417_162549_planta_0,20220417_162549_planta_0.jpg,217,1
20220417_162549_planta_1,20220417_162549_planta_1.jpg,130,0
20220417_162551_planta_0,20220417_162551_planta_0.jpg,130,0
20220417_162557_planta_1,20220417_162557_planta_1.jpg,18,0
20220417_162557_planta_2,20220417_162557_planta_2.jpg,174,0
20220417_162559_planta_1,20220417_162559_planta_1.jpg,39,0
20220417_162559_planta_3,20220417_162559_planta_3.jpg,39,0
20220417_162559_planta_4,20220417_162559_planta_4.jpg,308,2
20220417_162606_planta_0,20220417_162606_planta_0.jpg,185,0
20220417_162606_planta_2,20220417_162606_planta_2.jpg,260,1
20220417_162606_planta_3,20220417_162606_planta_3.jpg,276,1
20220417_162606_planta_4,20220417_162606_planta_4.jpg,193,0
20220417_162628_planta_2,20220417_162628_planta_2.jpg,279,1
20220417_162628_planta_3,20220417_162628_planta_3.jpg,27,0
20220417_162628_planta_4,20220417_162628_planta_4.jpg,226,1
20220417_162643_planta_0,20220417_162643_planta_0.jpg,303,2
20220417_162643_planta_1,20220417_162643_planta_1.jpg,291,2
20220417_162643_planta_3,20220417_162643_planta_3.jpg,48,0
20220417_162643_planta_4,20220417_162643_planta_4.jpg,317,3
20220417_162713_planta_2,20220417_162713_planta_2.jpg,159,0
20220417_162719_planta_1,20220417_162719_planta_1.jpg,28,0
20220417_162719_planta_5,20220417_162719_planta_5.jpg,217,1
20220417_162730_planta_0,20220417_162730_planta_0.jpg,123,0
20220417_162730_planta_1,20220417_162730_planta_1.jpg,41,0
20220417_162744_planta_1,20220417_162744_planta_1.jpg,57,0
20220417_162746_planta_2,20220417_162746_planta_2.jpg,233,1
20220417_162746_planta_3,20220417_162746_planta_3.jpg,57,0
20220417_162753_planta_0,20220417_162753_planta_0.jpg,69,0
20220417_162753_planta_3,20220417_162753_planta_3.jpg,18,0
20220417_162753_planta_4,20220417_162753_planta_4.jpg,291,2
20220417_162753_planta_5,20220417_162753_planta_5.jpg,114,0
20220417_162755_planta_2,20220417_162755_planta_2.jpg,18,0
20220417_162755_planta_3,20220417_162755_planta_3.jpg,27,0
20220417_162807_planta_0,20220417_162807_planta_0.jpg,318,3
20220417_162807_planta_1,20220417_162807_planta_1.jpg,59,0
20220417_162807_planta_3,20220417_162807_planta_3.jpg,114,0
20220417_162826_planta_1,20220417_162826_planta_1.jpg,123,0
20220417_162826_planta_2,20220417_162826_planta_2.jpg,171,0
20220417_162826_planta_3,20220417_162826_planta_3.jpg,57,0
20220417_162826_planta_5,20220417_162826_planta_5.jpg,130,0
20220417_162826_planta_6,20220417_162826_planta_6.jpg,57,0
20220417_162833_planta_3,20220417_162833_planta_3.jpg,130,0
20220417_162833_planta_5,20220417_162833_planta_5.jpg,114,0
20220417_162833_planta_6,20220417_162833_planta_6.jpg,123,0
20220417_162853_planta_0,20220417_162853_planta_0.jpg,293,2
20220417_162853_planta_1,20220417_162853_planta_1.jpg,18,0
20220417_162853_planta_2,20220417_162853_planta_2.jpg,27,0
20220417_162853_planta_3,20220417_162853_planta_3.jpg,318,3
20220417_162902_planta_0,20220417_162902_planta_0.jpg,93,0
20220417_162902_planta_2,20220417_162902_planta_2.jpg,27,0
20220417_162902_planta_3,20220417_162902_planta_3.jpg,318,3
20220417_162902_planta_5,20220417_162902_planta_5.jpg,171,0
20220417_162902_planta_6,20220417_162902_planta_6.jpg,185,0
20220417_162904_planta_2,20220417_162904_planta_2.jpg,318,3
20220417_162904_planta_3,20220417_162904_planta_3.jpg,185,0
20220417_162904_planta_4,20220417_162904_planta_4.jpg,27,0
20220417_162913_planta_1,20220417_162913_planta_1.jpg,160,0
20220417_162925_planta_0,20220417_162925_planta_0.jpg,57,0
20220417_162925_planta_4,20220417_162925_planta_4.jpg,57,0
20220417_162925_planta_5,20220417_162925_planta_5.jpg,303,2
20220417_162925_planta_6,20220417_162925_planta_6.jpg,277,1
20220417_162925_planta_7,20220417_162925_planta_7.jpg,273,1
20220417_162934_planta_1,20220417_162934_planta_1.jpg,277,1
20220417_162934_planta_3,20220417_162934_planta_3.jpg,41,0
20220417_162934_planta_4,20220417_162934_planta_4.jpg,41,0
20220417_162934_planta_5,20220417_162934_planta_5.jpg,28,0
20220417_162934_planta_6,20220417_162934_planta_6.jpg,57,0
20220417_162943_planta_0,20220417_162943_planta_0.jpg,28,0
20220417_162946_planta_1,20220417_162946_planta_1.jpg,57,0
20220417_163000_planta_1,20220417_163000_planta_1.jpg,233,1
20220417_163000_planta_2,20220417_163000_planta_2.jpg,111,0
20220417_163000_planta_3,20220417_163000_planta_3.jpg,41,0
20220417_163000_planta_4,20220417_163000_planta_4.jpg,86,0
20220417_163001_planta_0,20220417_163001_planta_0.jpg,233,1
20220417_163001_planta_1,20220417_163001_planta_1.jpg,111,0
20220417_163001_planta_2,20220417_163001_planta_2.jpg,41,0
20220417_163001_planta_3,20220417_163001_planta_3.jpg,86,0
20220417_163005_planta_0,20220417_163005_planta_0.jpg,57,0
20220417_163005_planta_1,20220417_163005_planta_1.jpg,215,0
20220417_163013_planta_0,20220417_163013_planta_0.jpg,28,0
20220417_163050_planta_0,20220417_163050_planta_0.jpg,52,0
20220417_163050_planta_3,20220417_163050_planta_3.jpg,317,3
20220417_163057_planta_2,20220417_163057_planta_2.jpg,293,2
20220417_163057_planta_3,20220417_163057_planta_3.jpg,311,2
20220417_163057_planta_5,20220417_163057_planta_5.jpg,28,0
20220417_163057_planta_6,20220417_163057_planta_6.jpg,160,0
20220417_163121_planta_1,20220417_163121_planta_1.jpg,278,1
20220417_163121_planta_5,20220417_163121_planta_5.jpg,39,0
20220417_163121_planta_6,20220417_163121_planta_6.jpg,307,2
20220417_163218_planta_1,20220417_163218_planta_1.jpg,217,1
20220417_163218_planta_5,20220417_163218_planta_5.jpg,131,0
20220417_163218_planta_6,20220417_163218_planta_6.jpg,260,1
20220417_163218_planta_7,20220417_163218_planta_7.jpg,116,0
20220417_163223_planta_0,20220417_163223_planta_0.jpg,221,1
20220417_163223_planta_1,20220417_163223_planta_1.jpg,130,0
20220417_163223_planta_2,20220417_163223_planta_2.jpg,298,2
20220417_163243_planta_4,20220417_163243_planta_4.jpg,217,1
20220417_163243_planta_5,20220417_163243_planta_5.jpg,166,0
20220417_163303_planta_6,20220417_163303_planta_6.jpg,123,0
20220417_163308_planta_0,20220417_163308_planta_0.jpg,31,0
20220417_163308_planta_1,20220417_163308_planta_1.jpg,160,0
20220417_163312_planta_3,20220417_163312_planta_3.jpg,174,0
20220417_163323_planta_0,20220417_163323_planta_0.jpg,217,1
20220417_163323_planta_1,20220417_163323_planta_1.jpg,130,0
20220417_163323_planta_2,20220417_163323_planta_2.jpg,228,1
20220417_163323_planta_3,20220417_163323_planta_3.jpg,192,0
20220417_163323_planta_5,20220417_163323_planta_5.jpg,227,1
20220417_163350_planta_0,20220417_163350_planta_0.jpg,260,1
20220417_163400_planta_0,20220417_163400_planta_0.jpg,171,0
20220417_163400_planta_3,20220417_163400_planta_3.jpg,38,0
20220417_163400_planta_4,20220417_163400_planta_4.jpg,159,0
20220417_163400_planta_5,20220417_163400_planta_5.jpg,309,2
20220417_163400_planta_6,20220417_163400_planta_6.jpg,217,1
20220417_163414_planta_1,20220417_163414_planta_1.jpg,96,0
20220425_153324_planta_0,20220425_153324_planta_0.jpg,9,0
20220425_153324_planta_2,20220425_153324_planta_2.jpg,283,1
20220425_153349_planta_0,20220425_153349_planta_0.jpg,260,1
20220425_153445_planta_0,20220425_153445_planta_0.jpg,214,0
20220425_153445_planta_1,20220425_153445_planta_1.jpg,108,0
20220425_153456_planta_0,20220425_153456_planta_0.jpg,260,1
20220425_153456_planta_1,20220425_153456_planta_1.jpg,260,1
20220425_153510_planta_1,20220425_153510_planta_1.jpg,282,1
20220425_153527_planta_0,20220425_153527_planta_0.jpg,285,1
20220425_153628_planta_1,20220425_153628_planta_1.jpg,166,0
20220425_153628_planta_2,20220425_153628_planta_2.jpg,166,0
20220425_153705_planta_0,20220425_153705_planta_0.jpg,96,0
20220425_153705_planta_2,20220425_153705_planta_2.jpg,217,1
20220425_153705_planta_3,20220425_153705_planta_3.jpg,166,0
20220425_153707_planta_0,20220425_153707_planta_0.jpg,198,0
20220425_153707_planta_1,20220425_153707_planta_1.jpg,166,0
20220425_153707_planta_3,20220425_153707_planta_3.jpg,96,0
20220425_153707_planta_4,20220425_153707_planta_4.jpg,217,1
20220425_153743_planta_0,20220425_153743_planta_0.jpg,97,0
20220425_153831_planta_0,20220425_153831_planta_0.jpg,217,1
20220425_153831_planta_1,20220425_153831_planta_1.jpg,189,0
20220425_153843_planta_0,20220425_153843_planta_0.jpg,30,0
20220425_153858_planta_0,20220425_153858_planta_0.jpg,96,0
20220425_153858_planta_1,20220425_153858_planta_1.jpg,71,0
20220425_153925_planta_0,20220425_153925_planta_0.jpg,202,0
20220425_153938_planta_0,20220425_153938_planta_0.jpg,69,0
20220425_153938_planta_1,20220425_153938_planta_1.jpg,198,0
20220425_153938_planta_2,20220425_153938_planta_2.jpg,110,0
20220425_153938_planta_3,20220425_153938_planta_3.jpg,110,0
20220425_153938_planta_4,20220425_153938_planta_4.jpg,165,0
20220425_153938_planta_5,20220425_153938_planta_5.jpg,165,0
20220425_154004_planta_0,20220425_154004_planta_0.jpg,196,0
20220425_154004_planta_1,20220425_154004_planta_1.jpg,110,0
20220425_154004_planta_2,20220425_154004_planta_2.jpg,281,1
20220425_154004_planta_3,20220425_154004_planta_3.jpg,311,2
20220425_154004_planta_4,20220425_154004_planta_4.jpg,281,1
20220425_154037_planta_0,20220425_154037_planta_0.jpg,166,0
20220425_154037_planta_1,20220425_154037_planta_1.jpg,166,0
20220425_154037_planta_2,20220425_154037_planta_2.jpg,157,0
20220425_154037_planta_3,20220425_154037_planta_3.jpg,-1,-1
20220425_154037_planta_4,20220425_154037_planta_4.jpg,166,0
20220425_154037_planta_5,20220425_154037_planta_5.jpg,157,0
20220425_154037_planta_6,20220425_154037_planta_6.jpg,166,0
20220425_154037_planta_7,20220425_154037_planta_7.jpg,110,0
20220425_154037_planta_8,20220425_154037_planta_8.jpg,127,0
20220425_154037_planta_9,20220425_154037_planta_9.jpg,289,1
20220425_154108_planta_1,20220425_154108_planta_1.jpg,198,0
20220425_154108_planta_2,20220425_154108_planta_2.jpg,128,0
20220425_154108_planta_3,20220425_154108_planta_3.jpg,282,1
20220425_154108_planta_4,20220425_154108_planta_4.jpg,110,0
20220425_154108_planta_5,20220425_154108_planta_5.jpg,281,1
20220425_154108_planta_6,20220425_154108_planta_6.jpg,281,1
20220425_154127_planta_0,20220425_154127_planta_0.jpg,217,1
20220425_154127_planta_1,20220425_154127_planta_1.jpg,157,0
20220425_154151_planta_0,20220425_154151_planta_0.jpg,165,0
20220425_154151_planta_1,20220425_154151_planta_1.jpg,9,0
20220425_154151_planta_2,20220425_154151_planta_2.jpg,75,0
20220425_154200_planta_1,20220425_154200_planta_1.jpg,166,0
20220425_154200_planta_2,20220425_154200_planta_2.jpg,166,0
20220425_154200_planta_3,20220425_154200_planta_3.jpg,157,0
20220425_154200_planta_4,20220425_154200_planta_4.jpg,217,1
20220425_154228_planta_0,20220425_154228_planta_0.jpg,284,1
20220425_154249_planta_0,20220425_154249_planta_0.jpg,281,1
20220425_154249_planta_1,20220425_154249_planta_1.jpg,127,0
20220425_154341_planta_1,20220425_154341_planta_1.jpg,97,0
20220425_154349_planta_0,20220425_154349_planta_0.jpg,202,0
20220425_154349_planta_1,20220425_154349_planta_1.jpg,110,0
20220425_154349_planta_3,20220425_154349_planta_3.jpg,281,1
20220425_154349_planta_5,20220425_154349_planta_5.jpg,281,1
20220425_154349_planta_6,20220425_154349_planta_6.jpg,289,1
20220425_154443_planta_0,20220425_154443_planta_0.jpg,281,1
20220425_154443_planta_1,20220425_154443_planta_1.jpg,217,1
20220425_154443_planta_2,20220425_154443_planta_2.jpg,9,0
20220425_154520_planta_0,20220425_154520_planta_0.jpg,306,2
20220425_154534_planta_1,20220425_154534_planta_1.jpg,127,0
20220425_154534_planta_2,20220425_154534_planta_2.jpg,308,2
20220425_154534_planta_3,20220425_154534_planta_3.jpg,320,3
20220425_154534_planta_4,20220425_154534_planta_4.jpg,75,0
20220425_154534_planta_5,20220425_154534_planta_5.jpg,75,0
20220425_154653_planta_0,20220425_154653_planta_0.jpg,219,1
20220425_154653_planta_1,20220425_154653_planta_1.jpg,165,0
20220425_154653_planta_10,20220425_154653_planta_10.jpg,105,0
20220425_154653_planta_11,20220425_154653_planta_11.jpg,127,0
20220425_154653_planta_12,20220425_154653_planta_12.jpg,105,0
20220425_154653_planta_13,20220425_154653_planta_13.jpg,272,1
20220425_154653_planta_14,20220425_154653_planta_14.jpg,212,0
20220425_154653_planta_15,20220425_154653_planta_15.jpg,166,0
20220425_154653_planta_17,20220425_154653_planta_17.jpg,280,1
20220425_154653_planta_18,20220425_154653_planta_18.jpg,127,0
20220425_154653_planta_19,20220425_154653_planta_19.jpg,105,0
20220425_154653_planta_2,20220425_154653_planta_2.jpg,281,1
20220425_154653_planta_20,20220425_154653_planta_20.jpg,166,0
20220425_154653_planta_21,20220425_154653_planta_21.jpg,166,0
20220425_154653_planta_3,20220425_154653_planta_3.jpg,157,0
20220425_154653_planta_4,20220425_154653_planta_4.jpg,166,0
20220425_154653_planta_5,20220425_154653_planta_5.jpg,105,0
20220425_154653_planta_6,20220425_154653_planta_6.jpg,202,0
20220425_154653_planta_7,20220425_154653_planta_7.jpg,127,0
20220425_154653_planta_8,20220425_154653_planta_8.jpg,76,0
20220425_154835_planta_0,20220425_154835_planta_0.jpg,203,0
20220425_154835_planta_3,20220425_154835_planta_3.jpg,97,0
20220425_154850_planta_1,20220425_154850_planta_1.jpg,9,0
20220425_154850_planta_2,20220425_154850_planta_2.jpg,217,1
20220425_154850_planta_4,20220425_154850_planta_4.jpg,309,2
20220425_155014_planta_0,20220425_155014_planta_0.jpg,217,1
20220425_155027_planta_0,20220425_155027_planta_0.jpg,269,1
20220425_155027_planta_3,20220425_155027_planta_3.jpg,165,0
20220425_155027_planta_4,20220425_155027_planta_4.jpg,281,1
20220425_155043_planta_10,20220425_155043_planta_10.jpg,39,0
20220425_155043_planta_2,20220425_155043_planta_2.jpg,185,0
20220425_155043_planta_3,20220425_155043_planta_3.jpg,28,0
20220425_155043_planta_6,20220425_155043_planta_6.jpg,58,0
20220425_155043_planta_7,20220425_155043_planta_7.jpg,297,2
20220425_155043_planta_8,20220425_155043_planta_8.jpg,28,0
20220425_155046_planta_11,20220425_155046_planta_11.jpg,39,0
20220425_155046_planta_4,20220425_155046_planta_4.jpg,303,2
20220425_155046_planta_6,20220425_155046_planta_6.jpg,28,0
20220425_155046_planta_8,20220425_155046_planta_8.jpg,58,0
20220425_155046_planta_9,20220425_155046_planta_9.jpg,28,0
20220425_155116_planta_0,20220425_155116_planta_0.jpg,31,0
20220425_155116_planta_1,20220425_155116_planta_1.jpg,10,0
20220425_155116_planta_2,20220425_155116_planta_2.jpg,28,0
20220425_155151_planta_0,20220425_155151_planta_0.jpg,217,1
20220425_155151_planta_1,20220425_155151_planta_1.jpg,71,0
20220425_155151_planta_2,20220425_155151_planta_2.jpg,217,1
20220425_155541_planta_0,20220425_155541_planta_0.jpg,212,0
20220425_155541_planta_1,20220425_155541_planta_1.jpg,219,1
20220425_155541_planta_10,20220425_155541_planta_10.jpg,110,0
20220425_155541_planta_12,20220425_155541_planta_12.jpg,217,1
20220425_155541_planta_14,20220425_155541_planta_14.jpg,219,1
20220425_155541_planta_15,20220425_155541_planta_15.jpg,110,0
20220425_155541_planta_16,20220425_155541_planta_16.jpg,132,0
20220425_155541_planta_3,20220425_155541_planta_3.jpg,217,1
20220425_155541_planta_4,20220425_155541_planta_4.jpg,71,0
20220425_155541_planta_6,20220425_155541_planta_6.jpg,310,2
20220425_155541_planta_7,20220425_155541_planta_7.jpg,157,0
20220425_155541_planta_8,20220425_155541_planta_8.jpg,128,0
20220425_155541_planta_9,20220425_155541_planta_9.jpg,69,0
20220425_155617_planta_0,20220425_155617_planta_0.jpg,116,0
20220425_155617_planta_2,20220425_155617_planta_2.jpg,116,0
20220425_155617_planta_3,20220425_155617_planta_3.jpg,116,0
20220425_155617_planta_4,20220425_155617_planta_4.jpg,116,0
20220425_155631_planta_0,20220425_155631_planta_0.jpg,260,1
20220425_155647_planta_0,20220425_155647_planta_0.jpg,71,0
20220425_155703_planta_0,20220425_155703_planta_0.jpg,310,2
20220425_155854_planta_0,20220425_155854_planta_0.jpg,41,0
20220425_155948_planta_0,20220425_155948_planta_0.jpg,222,1
20220425_155948_planta_1,20220425_155948_planta_1.jpg,28,0
20220425_155959_planta_0,20220425_155959_planta_0.jpg,277,1
20220425_160027_planta_1,20220425_160027_planta_1.jpg,28,0
20220425_160121_planta_0,20220425_160121_planta_0.jpg,158,0
20220425_160121_planta_1,20220425_160121_planta_1.jpg,238,1
20220425_160121_planta_2,20220425_160121_planta_2.jpg,190,0
20220425_160147_planta_1,20220425_160147_planta_1.jpg,217,1
20220425_160147_planta_2,20220425_160147_planta_2.jpg,71,0
20220425_160207_planta_0,20220425_160207_planta_0.jpg,59,0
20220425_160207_planta_1,20220425_160207_planta_1.jpg,185,0
20220425_160322_planta_0,20220425_160322_planta_0.jpg,59,0
20220425_160423_planta_0,20220425_160423_planta_0.jpg,222,1
20220425_160431_planta_0,20220425_160431_planta_0.jpg,135,0
20220425_160446_planta_0,20220425_160446_planta_0.jpg,226,1
20220425_160506_planta_3,20220425_160506_planta_3.jpg,28,0
20220425_160514_planta_1,20220425_160514_planta_1.jpg,28,0
20220425_160528_planta_0,20220425_160528_planta_0.jpg,59,0
20220425_160528_planta_2,20220425_160528_planta_2.jpg,281,1
20220425_160549_planta_0,20220425_160549_planta_0.jpg,269,1
20220425_160716_planta_0,20220425_160716_planta_0.jpg,39,0
20220425_160741_planta_0,20220425_160741_planta_0.jpg,226,1
20220425_160757_planta_0,20220425_160757_planta_0.jpg,310,2
20220425_160812_planta_0,20220425_160812_planta_0.jpg,217,1
20220425_161041_planta_0,20220425_161041_planta_0.jpg,28,0
20220425_161041_planta_2,20220425_161041_planta_2.jpg,51,0
20220425_161041_planta_4,20220425_161041_planta_4.jpg,96,0
20220425_161050_planta_1,20220425_161050_planta_1.jpg,28,0
20220425_161050_planta_3,20220425_161050_planta_3.jpg,51,0
20220425_161050_planta_5,20220425_161050_planta_5.jpg,97,0
20220425_161155_planta_0,20220425_161155_planta_0.jpg,28,0
20220425_161155_planta_1,20220425_161155_planta_1.jpg,58,0
20220425_161220_planta_0,20220425_161220_planta_0.jpg,57,0
20220425_161250_planta_0,20220425_161250_planta_0.jpg,233,1
20220425_161321_planta_0,20220425_161321_planta_0.jpg,202,0
20220425_161339_planta_1,20220425_161339_planta_1.jpg,10,0
20220425_161430_planta_0,20220425_161430_planta_0.jpg,233,1
20220425_161505_planta_1,20220425_161505_planta_1.jpg,58,0
20220425_161505_planta_2,20220425_161505_planta_2.jpg,57,0
20220425_161528_planta_0,20220425_161528_planta_0.jpg,290,2
20220425_161541_planta_0,20220425_161541_planta_0.jpg,58,0
20220425_161541_planta_1,20220425_161541_planta_1.jpg,97,0
20220425_161606_planta_0,20220425_161606_planta_0.jpg,58,0
20220425_161636_planta_0,20220425_161636_planta_0.jpg,10,0
20220425_161636_planta_1,20220425_161636_planta_1.jpg,160,0
20220425_161700_planta_0,20220425_161700_planta_0.jpg,263,1
20220425_161719_planta_0,20220425_161719_planta_0.jpg,208,0
20220425_161719_planta_1,20220425_161719_planta_1.jpg,10,0
20220425_161723_planta_0,20220425_161723_planta_0.jpg,10,0
20220425_161737_planta_0,20220425_161737_planta_0.jpg,10,0
20220425_161746_planta_0,20220425_161746_planta_0.jpg,38,0
20220425_161805_planta_0,20220425_161805_planta_0.jpg,9,0
20220425_161823_planta_1,20220425_161823_planta_1.jpg,10,0
20220425_161823_planta_2,20220425_161823_planta_2.jpg,10,0
20220425_161823_planta_3,20220425_161823_planta_3.jpg,295,2
20220425_161823_planta_4,20220425_161823_planta_4.jpg,10,0
20220425_161908_planta_0,20220425_161908_planta_0.jpg,226,1
20220425_161917_planta_1,20220425_161917_planta_1.jpg,22,0
20220425_161956_planta_0,20220425_161956_planta_0.jpg,41,0
20220425_161956_planta_1,20220425_161956_planta_1.jpg,226,1
20220425_162041_planta_0,20220425_162041_planta_0.jpg,217,1
20220425_162104_planta_0,20220425_162104_planta_0.jpg,58,0
20220425_162130_planta_0,20220425_162130_planta_0.jpg,58,0
20220425_162130_planta_2,20220425_162130_planta_2.jpg,28,0
20220425_162137_planta_0,20220425_162137_planta_0.jpg,57,0
20220425_162144_planta_1,20220425_162144_planta_1.jpg,58,0
20220425_162220_planta_0,20220425_162220_planta_0.jpg,250,1
20220425_162225_planta_0,20220425_162225_planta_0.jpg,250,1
20220425_162225_planta_4,20220425_162225_planta_4.jpg,228,1
20220425_162253_planta_0,20220425_162253_planta_0.jpg,58,0
20220425_162325_planta_0,20220425_162325_planta_0.jpg,58,0
20220425_162434_planta_1,20220425_162434_planta_1.jpg,58,0
20220425_162512_planta_0,20220425_162512_planta_0.jpg,51,0
20220425_162512_planta_1,20220425_162512_planta_1.jpg,51,0
20220425_162532_planta_1,20220425_162532_planta_1.jpg,135,0
20220425_162623_planta_0,20220425_162623_planta_0.jpg,179,0
20220425_162630_planta_0,20220425_162630_planta_0.jpg,222,1
20220425_162706_planta_0,20220425_162706_planta_0.jpg,14,0
20220425_162733_planta_0,20220425_162733_planta_0.jpg,282,1
20220425_162743_planta_0,20220425_162743_planta_0.jpg,269,1
20220425_162830_planta_0,20220425_162830_planta_0.jpg,185,0
20220425_162830_planta_1,20220425_162830_planta_1.jpg,217,1
20220425_162854_planta_0,20220425_162854_planta_0.jpg,297,2
20220425_162854_planta_1,20220425_162854_planta_1.jpg,76,0
20220425_162854_planta_3,20220425_162854_planta_3.jpg,203,0
20220425_162854_planta_4,20220425_162854_planta_4.jpg,76,0
20220425_162854_planta_5,20220425_162854_planta_5.jpg,9,0
20220425_162854_planta_6,20220425_162854_planta_6.jpg,9,0
20220425_162854_planta_7,20220425_162854_planta_7.jpg,76,0
20220425_162854_planta_8,20220425_162854_planta_8.jpg,9,0
20220425_162905_planta_0,20220425_162905_planta_0.jpg,9,0
20220425_162905_planta_10,20220425_162905_planta_10.jpg,9,0
20220425_162905_planta_11,20220425_162905_planta_11.jpg,76,0
20220425_162905_planta_12,20220425_162905_planta_12.jpg,9,0
20220425_162905_planta_2,20220425_162905_planta_2.jpg,76,0
20220425_162905_planta_3,20220425_162905_planta_3.jpg,275,1
20220425_162905_planta_4,20220425_162905_planta_4.jpg,286,1
20220425_162905_planta_5,20220425_162905_planta_5.jpg,9,0
20220425_162905_planta_6,20220425_162905_planta_6.jpg,9,0
20220425_162905_planta_8,20220425_162905_planta_8.jpg,76,0
20220425_162905_planta_9,20220425_162905_planta_9.jpg,276,1
20220425_162912_planta_0,20220425_162912_planta_0.jpg,9,0
20220425_162912_planta_1,20220425_162912_planta_1.jpg,188,0
20220425_162912_planta_2,20220425_162912_planta_2.jpg,9,0
20220425_162912_planta_4,20220425_162912_planta_4.jpg,9,0
20220425_162912_planta_6,20220425_162912_planta_6.jpg,9,0
20220425_162942_planta_1,20220425_162942_planta_1.jpg,59,0
20220425_162942_planta_3,20220425_162942_planta_3.jpg,28,0
20220425_162942_planta_4,20220425_162942_planta_4.jpg,9,0
20220425_162942_planta_5,20220425_162942_planta_5.jpg,71,0
20220425_162942_planta_6,20220425_162942_planta_6.jpg,318,3
20220425_163018_planta_1,20220425_163018_planta_1.jpg,277,1
20220425_163051_planta_1,20220425_163051_planta_1.jpg,97,0
20220425_163100_planta_0,20220425_163100_planta_0.jpg,97,0
20220425_163100_planta_1,20220425_163100_planta_1.jpg,97,0
20220425_163100_planta_3,20220425_163100_planta_3.jpg,9,0
20220425_163100_planta_4,20220425_163100_planta_4.jpg,9,0
20220425_163100_planta_5,20220425_163100_planta_5.jpg,9,0
20220425_163143_planta_2,20220425_163143_planta_2.jpg,9,0
20220425_163143_planta_3,20220425_163143_planta_3.jpg,9,0
20220425_163143_planta_6,20220425_163143_planta_6.jpg,286,1
20220425_163253_planta_0,20220425_163253_planta_0.jpg,28,0
20220425_163253_planta_2,20220425_163253_planta_2.jpg,250,1
20220425_163306_planta_0,20220425_163306_planta_0.jpg,217,1
20220425_163306_planta_1,20220425_163306_planta_1.jpg,28,0
20220425_163306_planta_2,20220425_163306_planta_2.jpg,185,0
20220425_163306_planta_3,20220425_163306_planta_3.jpg,28,0
20220425_163306_planta_4,20220425_163306_planta_4.jpg,136,0
20220425_163330_planta_2,20220425_163330_planta_2.jpg,71,0
20220425_163330_planta_3,20220425_163330_planta_3.jpg,217,1
20220425_163338_planta_2,20220425_163338_planta_2.jpg,71,0
20220425_163338_planta_3,20220425_163338_planta_3.jpg,217,1
20220425_164218_planta_1,20220425_164218_planta_1.jpg,110,0
20220425_164218_planta_3,20220425_164218_planta_3.jpg,114,0
20220425_164218_planta_5,20220425_164218_planta_5.jpg,110,0
20220425_164218_planta_6,20220425_164218_planta_6.jpg,298,2
20220425_164222_planta_0,20220425_164222_planta_0.jpg,31,0
20220425_164222_planta_1,20220425_164222_planta_1.jpg,114,0
20220425_164222_planta_2,20220425_164222_planta_2.jpg,110,0
20220425_164235_planta_1,20220425_164235_planta_1.jpg,132,0
20220425_164235_planta_2,20220425_164235_planta_2.jpg,110,0
20220425_164235_planta_3,20220425_164235_planta_3.jpg,307,2
20220425_164235_planta_4,20220425_164235_planta_4.jpg,198,0
20220425_164235_planta_6,20220425_164235_planta_6.jpg,128,0
20220425_164235_planta_7,20220425_164235_planta_7.jpg,197,0
20220425_164235_planta_9,20220425_164235_planta_9.jpg,110,0
20220425_164244_planta_0,20220425_164244_planta_0.jpg,197,0
20220425_164244_planta_3,20220425_164244_planta_3.jpg,319,3
20220425_164244_planta_5,20220425_164244_planta_5.jpg,110,0
20220425_164244_planta_6,20220425_164244_planta_6.jpg,135,0
20220425_164300_planta_0,20220425_164300_planta_0.jpg,110,0
20220425_164300_planta_1,20220425_164300_planta_1.jpg,105,0
20220425_164300_planta_10,20220425_164300_planta_10.jpg,110,0
20220425_164300_planta_11,20220425_164300_planta_11.jpg,110,0
20220425_164300_planta_12,20220425_164300_planta_12.jpg,110,0
20220425_164300_planta_13,20220425_164300_planta_13.jpg,262,1
20220425_164300_planta_3,20220425_164300_planta_3.jpg,262,1
20220425_164300_planta_4,20220425_164300_planta_4.jpg,316,3
20220425_164300_planta_5,20220425_164300_planta_5.jpg,31,0
20220425_164300_planta_6,20220425_164300_planta_6.jpg,128,0
20220425_164300_planta_7,20220425_164300_planta_7.jpg,69,0
20220425_164300_planta_8,20220425_164300_planta_8.jpg,281,1
20220425_164314_planta_1,20220425_164314_planta_1.jpg,110,0
20220425_164314_planta_2,20220425_164314_planta_2.jpg,298,2
20220425_164314_planta_3,20220425_164314_planta_3.jpg,110,0
20220425_164314_planta_4,20220425_164314_planta_4.jpg,28,0
20220425_164314_planta_5,20220425_164314_planta_5.jpg,166,0
20220425_164314_planta_6,20220425_164314_planta_6.jpg,128,0
20220425_164325_planta_0,20220425_164325_planta_0.jpg,281,1
20220425_164325_planta_10,20220425_164325_planta_10.jpg,281,1
20220425_164325_planta_11,20220425_164325_planta_11.jpg,217,1
20220425_164325_planta_12,20220425_164325_planta_12.jpg,219,1
20220425_164325_planta_2,20220425_164325_planta_2.jpg,281,1
20220425_164325_planta_4,20220425_164325_planta_4.jpg,281,1
20220425_164325_planta_5,20220425_164325_planta_5.jpg,217,1
20220425_164325_planta_6,20220425_164325_planta_6.jpg,312,2
20220425_164325_planta_7,20220425_164325_planta_7.jpg,166,0
20220425_164325_planta_8,20220425_164325_planta_8.jpg,281,1
20220425_164357_planta_0,20220425_164357_planta_0.jpg,173,0
20220425_164357_planta_1,20220425_164357_planta_1.jpg,192,0
20220425_164357_planta_2,20220425_164357_planta_2.jpg,116,0
20220425_164357_planta_3,20220425_164357_planta_3.jpg,260,1
20220425_164357_planta_4,20220425_164357_planta_4.jpg,260,1
20220425_164419_planta_0,20220425_164419_planta_0.jpg,116,0
20220425_164454_planta_2,20220425_164454_planta_2.jpg,269,1
20220425_164454_planta_3,20220425_164454_planta_3.jpg,260,1
20220425_164454_planta_4,20220425_164454_planta_4.jpg,281,1
20220425_164511_planta_0,20220425_164511_planta_0.jpg,315,3
20220425_164511_planta_1,20220425_164511_planta_1.jpg,128,0
20220425_164511_planta_2,20220425_164511_planta_2.jpg,128,0
20220425_164511_planta_3,20220425_164511_planta_3.jpg,128,0
20220425_164511_planta_4,20220425_164511_planta_4.jpg,128,0
20220425_164511_planta_5,20220425_164511_planta_5.jpg,128,0
20220425_164511_planta_6,20220425_164511_planta_6.jpg,65,0
20220425_164524_planta_1,20220425_164524_planta_1.jpg,110,0
20220425_164524_planta_4,20220425_164524_planta_4.jpg,128,0
20220425_164524_planta_5,20220425_164524_planta_5.jpg,108,0
20220425_164534_planta_0,20220425_164534_planta_0.jpg,128,0
20220425_164534_planta_1,20220425_164534_planta_1.jpg,291,2
20220425_164534_planta_3,20220425_164534_planta_3.jpg,307,2
20220425_164534_planta_4,20220425_164534_planta_4.jpg,128,0
20220425_164534_planta_5,20220425_164534_planta_5.jpg,128,0
20220425_164534_planta_6,20220425_164534_planta_6.jpg,280,1
20220425_164542_planta_0,20220425_164542_planta_0.jpg,218,1
20220425_164542_planta_1,20220425_164542_planta_1.jpg,211,0
20220425_164542_planta_2,20220425_164542_planta_2.jpg,128,0
20220425_164542_planta_3,20220425_164542_planta_3.jpg,275,1
20220425_164542_planta_4,20220425_164542_planta_4.jpg,75,0
20220425_164553_planta_0,20220425_164553_planta_0.jpg,311,2
20220425_164553_planta_1,20220425_164553_planta_1.jpg,211,0
20220425_164632_planta_0,20220425_164632_planta_0.jpg,319,3
20220425_164632_planta_1,20220425_164632_planta_1.jpg,228,1
20220425_164632_planta_2,20220425_164632_planta_2.jpg,46,0
20220425_164700_planta_0,20220425_164700_planta_0.jpg,282,1
20220425_164700_planta_1,20220425_164700_planta_1.jpg,310,2
20220425_164719_planta_1,20220425_164719_planta_1.jpg,128,0
20251109_160631_planta_0,20251109_160631_planta_0.jpg,148,0
20251109_160631_planta_1,20251109_160631_planta_1.jpg,251,1
20251109_160631_planta_3,20251109_160631_planta_3.jpg,148,0
20251109_160631_planta_4,20251109_160631_planta_4.jpg,251,1
20251109_160631_planta_5,20251109_160631_planta_5.jpg,50,0
20251109_160704_planta_0,20251109_160704_planta_0.jpg,126,0
20251109_160704_planta_1,20251109_160704_planta_1.jpg,126,0
20251109_160950_planta_0,20251109_160950_planta_0.jpg,13,0
20251109_160958_planta_0,20251109_160958_planta_0.jpg,94,0
20251109_161024_planta_0,20251109_161024_planta_0.jpg,295,2
20251109_161912_planta_0,20251109_161912_planta_0.jpg,8,0
20251109_161933_planta_0,20251109_161933_planta_0.jpg,64,0
20251109_161938_planta_0,20251109_161938_planta_0.jpg,234,1
20251109_161938_planta_1,20251109_161938_planta_1.jpg,219,1
20251109_161938_planta_2,20251109_161938_planta_2.jpg,21,0
20251109_161938_planta_3,20251109_161938_planta_3.jpg,262,1
20251109_162123_planta_0,20251109_162123_planta_0.jpg,94,0
20251109_162125_planta_0,20251109_162125_planta_0.jpg,250,1
20251109_162125_planta_1,20251109_162125_planta_1.jpg,50,0
20251109_162125_planta_2,20251109_162125_planta_2.jpg,50,0
20251109_162129_planta_0,20251109_162129_planta_0.jpg,94,0
20251109_162130_planta_0,20251109_162130_planta_0.jpg,119,0
20251109_162130_planta_1,20251109_162130_planta_1.jpg,314,3
20251109_162130_planta_2,20251109_162130_planta_2.jpg,262,1
20251109_162130_planta_4,20251109_162130_planta_4.jpg,228,1
20251109_162130_planta_5,20251109_162130_planta_5.jpg,94,0
20251109_162133_planta_1,20251109_162133_planta_1.jpg,94,0
20251109_162133_planta_2,20251109_162133_planta_2.jpg,262,1
20251109_162156_planta_0,20251109_162156_planta_0.jpg,8,0
20251109_162203_planta_0,20251109_162203_planta_0.jpg,50,0
20251109_162203_planta_1,20251109_162203_planta_1.jpg,50,0
20251109_162207_planta_0,20251109_162207_planta_0.jpg,99,0
20251109_162207_planta_1,20251109_162207_planta_1.jpg,319,3
20251109_162207_planta_2,20251109_162207_planta_2.jpg,50,0
20251109_162233_planta_0,20251109_162233_planta_0.jpg,95,0
20251109_162233_planta_1,20251109_162233_planta_1.jpg,106,0
20251109_162233_planta_10,20251109_162233_planta_10.jpg,106,0
20251109_162233_planta_12,20251109_162233_planta_12.jpg,13,0
20251109_162233_planta_13,20251109_162233_planta_13.jpg,106,0
20251109_162233_planta_14,20251109_162233_planta_14.jpg,273,1
20251109_162233_planta_15,20251109_162233_planta_15.jpg,298,2
20251109_162233_planta_16,20251109_162233_planta_16.jpg,106,0
20251109_162233_planta_17,20251109_162233_planta_17.jpg,84,0
20251109_162233_planta_18,20251109_162233_planta_18.jpg,90,0
20251109_162233_planta_19,20251109_162233_planta_19.jpg,65,0
20251109_162233_planta_2,20251109_162233_planta_2.jpg,84,0
20251109_162233_planta_20,20251109_162233_planta_20.jpg,106,0
20251109_162233_planta_21,20251109_162233_planta_21.jpg,64,0
20251109_162233_planta_3,20251109_162233_planta_3.jpg,106,0
20251109_162233_planta_4,20251109_162233_planta_4.jpg,84,0
20251109_162233_planta_5,20251109_162233_planta_5.jpg,98,0
20251109_162233_planta_7,20251109_162233_planta_7.jpg,13,0
20251109_162233_planta_8,20251109_162233_planta_8.jpg,84,0
20251109_162233_planta_9,20251109_162233_planta_9.jpg,13,0
20251109_162237_planta_0,20251109_162237_planta_0.jpg,90,0
20251109_162237_planta_1,20251109_162237_planta_1.jpg,299,2
20251109_162241_planta_1,20251109_162241_planta_1.jpg,95,0
20251109_162246_planta_0,20251109_162246_planta_0.jpg,13,0
20251109_162246_planta_10,20251109_162246_planta_10.jpg,12,0
20251109_162246_planta_11,20251109_162246_planta_11.jpg,167,0
20251109_162246_planta_12,20251109_162246_planta_12.jpg,21,0
20251109_162246_planta_13,20251109_162246_planta_13.jpg,12,0
20251109_162246_planta_14,20251109_162246_planta_14.jpg,224,1
20251109_162246_planta_15,20251109_162246_planta_15.jpg,271,1
20251109_162246_planta_16,20251109_162246_planta_16.jpg,188,0
20251109_162246_planta_17,20251109_162246_planta_17.jpg,239,1
20251109_162246_planta_18,20251109_162246_planta_18.jpg,171,0
20251109_162246_planta_19,20251109_162246_planta_19.jpg,93,0
20251109_162246_planta_2,20251109_162246_planta_2.jpg,167,0
20251109_162246_planta_3,20251109_162246_planta_3.jpg,224,1
20251109_162246_planta_4,20251109_162246_planta_4.jpg,64,0
20251109_162246_planta_5,20251109_162246_planta_5.jpg,-1,-1
20251109_162246_planta_7,20251109_162246_planta_7.jpg,313,3
20251109_162246_planta_8,20251109_162246_planta_8.jpg,147,0
20251109_162246_planta_9,20251109_162246_planta_9.jpg,171,0
20251109_162248_planta_0,20251109_162248_planta_0.jpg,63,0
20251109_162302_planta_0,20251109_162302_planta_0.jpg,13,0
20251109_162302_planta_1,20251109_162302_planta_1.jpg,13,0
20251109_162302_planta_2,20251109_162302_planta_2.jpg,89,0
20251109_162304_planta_0,20251109_162304_planta_0.jpg,87,0
20251109_162304_planta_1,20251109_162304_planta_1.jpg,302,2
20251109_162304_planta_3,20251109_162304_planta_3.jpg,93,0
20251109_162304_planta_4,20251109_162304_planta_4.jpg,90,0
20251109_162306_planta_0,20251109_162306_planta_0.jpg,171,0
20251109_162306_planta_1,20251109_162306_planta_1.jpg,64,0
20251109_162306_planta_2,20251109_162306_planta_2.jpg,-1,-1
20251109_162306_planta_3,20251109_162306_planta_3.jpg,93,0
20251109_162306_planta_4,20251109_162306_planta_4.jpg,188,0
20251109_162306_planta_5,20251109_162306_planta_5.jpg,280,1
20251109_162306_planta_6,20251109_162306_planta_6.jpg,99,0
20251109_162310_planta_0,20251109_162310_planta_0.jpg,228,1
20251109_162310_planta_1,20251109_162310_planta_1.jpg,262,1
20251109_162310_planta_2,20251109_162310_planta_2.jpg,99,0
20251109_162310_planta_3,20251109_162310_planta_3.jpg,13,0
20251109_162310_planta_4,20251109_162310_planta_4.jpg,89,0
20251109_162310_planta_5,20251109_162310_planta_5.jpg,99,0
20251109_162443_planta_0,20251109_162443_planta_0.jpg,242,1
20251109_162443_planta_1,20251109_162443_planta_1.jpg,242,1
20251109_162443_planta_2,20251109_162443_planta_2.jpg,242,1
20251109_162443_planta_3,20251109_162443_planta_3.jpg,242,1
20251109_162446_planta_0,20251109_162446_planta_0.jpg,221,1
20251109_162448_planta_0,20251109_162448_planta_0.jpg,94,0
20251109_162448_planta_1,20251109_162448_planta_1.jpg,94,0
20251109_162448_planta_10,20251109_162448_planta_10.jpg,239,1
20251109_162448_planta_11,20251109_162448_planta_11.jpg,94,0
20251109_162448_planta_12,20251109_162448_planta_12.jpg,94,0
20251109_162448_planta_13,20251109_162448_planta_13.jpg,94,0
20251109_162448_planta_14,20251109_162448_planta_14.jpg,98,0
20251109_162448_planta_2,20251109_162448_planta_2.jpg,62,0
20251109_162448_planta_3,20251109_162448_planta_3.jpg,94,0
20251109_162448_planta_4,20251109_162448_planta_4.jpg,94,0
20251109_162448_planta_5,20251109_162448_planta_5.jpg,94,0
20251109_162448_planta_6,20251109_162448_planta_6.jpg,99,0
20251109_162448_planta_7,20251109_162448_planta_7.jpg,94,0
20251109_162448_planta_8,20251109_162448_planta_8.jpg,94,0
20251109_162448_planta_9,20251109_162448_planta_9.jpg,248,1
20251109_162452_planta_0,20251109_162452_planta_0.jpg,8,0
20251109_162452_planta_10,20251109_162452_planta_10.jpg,8,0
20251109_162452_planta_11,20251109_162452_planta_11.jpg,65,0
20251109_162452_planta_12,20251109_162452_planta_12.jpg,252,1
20251109_162452_planta_2,20251109_162452_planta_2.jpg,294,2
20251109_162452_planta_3,20251109_162452_planta_3.jpg,94,0
20251109_162452_planta_4,20251109_162452_planta_4.jpg,230,1
20251109_162452_planta_5,20251109_162452_planta_5.jpg,120,0
20251109_162452_planta_6,20251109_162452_planta_6.jpg,313,3
20251109_162452_planta_7,20251109_162452_planta_7.jpg,294,2
20251109_162452_planta_8,20251109_162452_planta_8.jpg,29,0
20251109_162452_planta_9,20251109_162452_planta_9.jpg,94,0
20251109_162455_planta_0,20251109_162455_planta_0.jpg,98,0
20251109_162455_planta_1,20251109_162455_planta_1.jpg,99,0
20251109_162455_planta_10,20251109_162455_planta_10.jpg,77,0
20251109_162455_planta_11,20251109_162455_planta_11.jpg,262,1
20251109_162455_planta_12,20251109_162455_planta_12.jpg,258,1
20251109_162455_planta_13,20251109_162455_planta_13.jpg,94,0
20251109_162455_planta_14,20251109_162455_planta_14.jpg,94,0
20251109_162455_planta_15,20251109_162455_planta_15.jpg,98,0
20251109_162455_planta_16,20251109_162455_planta_16.jpg,94,0
20251109_162455_planta_17,20251109_162455_planta_17.jpg,94,0
20251109_162455_planta_18,20251109_162455_planta_18.jpg,99,0
20251109_162455_planta_19,20251109_162455_planta_19.jpg,99,0
20251109_162455_planta_2,20251109_162455_planta_2.jpg,94,0
20251109_162455_planta_20,20251109_162455_planta_20.jpg,248,1
20251109_162455_planta_21,20251109_162455_planta_21.jpg,64,0
20251109_162455_planta_22,20251109_162455_planta_22.jpg,238,1
20251109_162455_planta_23,20251109_162455_planta_23.jpg,94,0
20251109_162455_planta_24,20251109_162455_planta_24.jpg,99,0
20251109_162455_planta_3,20251109_162455_planta_3.jpg,99,0
20251109_162455_planta_4,20251109_162455_planta_4.jpg,94,0
20251109_162455_planta_5,20251109_162455_planta_5.jpg,13,0
20251109_162455_planta_6,20251109_162455_planta_6.jpg,94,0
20251109_162455_planta_7,20251109_162455_planta_7.jpg,98,0
20251109_162455_planta_8,20251109_162455_planta_8.jpg,99,0
20251109_162455_planta_9,20251109_162455_planta_9.jpg,99,0
20251109_162627_planta_0,20251109_162627_planta_0.jpg,99,0
20251109_162627_planta_1,20251109_162627_planta_1.jpg,262,1
20251110_151345_planta_0,20251110_151345_planta_0.jpg,121,0
20251110_151345_planta_1,20251110_151345_planta_1.jpg,121,0
20251110_151345_planta_2,20251110_151345_planta_2.jpg,121,0
20251110_151345_planta_3,20251110_151345_planta_3.jpg,50,0
20251110_151403_planta_0,20251110_151403_planta_0.jpg,63,0
20251110_151403_planta_1,20251110_151403_planta_1.jpg,273,1
20251110_151403_planta_10,20251110_151403_planta_10.jpg,150,0
20251110_151403_planta_11,20251110_151403_planta_11.jpg,222,1
20251110_151403_planta_12,20251110_151403_planta_12.jpg,315,3
20251110_151403_planta_13,20251110_151403_planta_13.jpg,106,0
20251110_151403_planta_2,20251110_151403_planta_2.jpg,298,2
20251110_151403_planta_4,20251110_151403_planta_4.jpg,189,0
20251110_151403_planta_5,20251110_151403_planta_5.jpg,150,0
20251110_151403_planta_6,20251110_151403_planta_6.jpg,271,1
20251110_151403_planta_7,20251110_151403_planta_7.jpg,273,1
20251110_151403_planta_8,20251110_151403_planta_8.jpg,271,1
20251110_151403_planta_9,20251110_151403_planta_9.jpg,189,0
20251110_151408_planta_0,20251110_151408_planta_0.jpg,178,0
20251110_151432_planta_0,20251110_151432_planta_0.jpg,262,1
20251110_151432_planta_1,20251110_151432_planta_1.jpg,21,0
20251110_151432_planta_2,20251110_151432_planta_2.jpg,21,0
20251110_151432_planta_3,20251110_151432_planta_3.jpg,21,0
20251110_151432_planta_4,20251110_151432_planta_4.jpg,21,0
20251110_151432_planta_5,20251110_151432_planta_5.jpg,21,0
20251110_151432_planta_6,20251110_151432_planta_6.jpg,21,0
20251110_151432_planta_7,20251110_151432_planta_7.jpg,21,0
20251110_151432_planta_8,20251110_151432_planta_8.jpg,249,1
20251110_151450_planta_0,20251110_151450_planta_0.jpg,177,0
20251110_151502_planta_0,20251110_151502_planta_0.jpg,90,0
20251110_151502_planta_1,20251110_151502_planta_1.jpg,191,0
20251110_151502_planta_2,20251110_151502_planta_2.jpg,191,0
20251110_151509_planta_0,20251110_151509_planta_0.jpg,64,0
20251110_151509_planta_1,20251110_151509_planta_1.jpg,155,0
20251110_151514_planta_0,20251110_151514_planta_0.jpg,262,1
20251110_151514_planta_1,20251110_151514_planta_1.jpg,144,0
20251110_151514_planta_3,20251110_151514_planta_3.jpg,191,0
20251110_151514_planta_4,20251110_151514_planta_4.jpg,191,0
20251110_151519_planta_0,20251110_151519_planta_0.jpg,80,0
20251110_151519_planta_1,20251110_151519_planta_1.jpg,236,1
20251110_151519_planta_3,20251110_151519_planta_3.jpg,80,0
20251110_151519_planta_4,20251110_151519_planta_4.jpg,243,1
20251110_151528_planta_0,20251110_151528_planta_0.jpg,220,1
20251110_151528_planta_1,20251110_151528_planta_1.jpg,83,0
20251110_151528_planta_2,20251110_151528_planta_2.jpg,129,0
20251110_151528_planta_3,20251110_151528_planta_3.jpg,64,0
20251110_151528_planta_4,20251110_151528_planta_4.jpg,80,0
20251110_151532_planta_0,20251110_151532_planta_0.jpg,64,0
20251110_151532_planta_1,20251110_151532_planta_1.jpg,80,0
20251110_151532_planta_2,20251110_151532_planta_2.jpg,180,0
20251110_151532_planta_3,20251110_151532_planta_3.jpg,87,0
20251110_151532_planta_4,20251110_151532_planta_4.jpg,80,0
20251110_151532_planta_5,20251110_151532_planta_5.jpg,243,1
20251110_151532_planta_6,20251110_151532_planta_6.jpg,80,0
20251110_151532_planta_7,20251110_151532_planta_7.jpg,246,1
20251110_151532_planta_8,20251110_151532_planta_8.jpg,268,1
20251110_151532_planta_9,20251110_151532_planta_9.jpg,80,0
20251110_151541_planta_0,20251110_151541_planta_0.jpg,89,0
20251110_151541_planta_1,20251110_151541_planta_1.jpg,187,0
20251110_151541_planta_2,20251110_151541_planta_2.jpg,133,0
20251110_151544_planta_0,20251110_151544_planta_0.jpg,170,0
20251110_151544_planta_1,20251110_151544_planta_1.jpg,220,1
20251110_151544_planta_2,20251110_151544_planta_2.jpg,298,2
20251110_151544_planta_3,20251110_151544_planta_3.jpg,256,1
20251110_151544_planta_4,20251110_151544_planta_4.jpg,150,0
20251110_151544_planta_5,20251110_151544_planta_5.jpg,298,2
20251110_151544_planta_6,20251110_151544_planta_6.jpg,168,0
20251110_151546_planta_0,20251110_151546_planta_0.jpg,238,1
20251110_151549_planta_0,20251110_151549_planta_0.jpg,191,0
20251110_151552_planta_0,20251110_151552_planta_0.jpg,199,0
20251110_151554_planta_0,20251110_151554_planta_0.jpg,13,0
20251110_151554_planta_1,20251110_151554_planta_1.jpg,265,1
20251110_151608_planta_0,20251110_151608_planta_0.jpg,158,0
20251110_151608_planta_2,20251110_151608_planta_2.jpg,80,0
20251110_151608_planta_3,20251110_151608_planta_3.jpg,87,0
20251110_151608_planta_4,20251110_151608_planta_4.jpg,200,0
20251110_151608_planta_5,20251110_151608_planta_5.jpg,242,1
20251110_151614_planta_0,20251110_151614_planta_0.jpg,92,0
20251110_151614_planta_1,20251110_151614_planta_1.jpg,223,1
20251110_151614_planta_2,20251110_151614_planta_2.jpg,87,0
20251110_151614_planta_3,20251110_151614_planta_3.jpg,92,0
20251110_151614_planta_4,20251110_151614_planta_4.jpg,87,0
20251110_151617_planta_0,20251110_151617_planta_0.jpg,137,0
20251110_151617_planta_1,20251110_151617_planta_1.jpg,237,1
20251110_151617_planta_2,20251110_151617_planta_2.jpg,155,0
20251110_151617_planta_3,20251110_151617_planta_3.jpg,242,1
20251110_151617_planta_4,20251110_151617_planta_4.jpg,298,2
20251110_151617_planta_5,20251110_151617_planta_5.jpg,90,0
20251110_151622_planta_0,20251110_151622_planta_0.jpg,120,0
20251110_151622_planta_1,20251110_151622_planta_1.jpg,242,1
20251110_151622_planta_3,20251110_151622_planta_3.jpg,242,1
20251110_151622_planta_4,20251110_151622_planta_4.jpg,140,0
20251110_151625_planta_0,20251110_151625_planta_0.jpg,129,0
20251110_151625_planta_1,20251110_151625_planta_1.jpg,79,0
20251110_151625_planta_2,20251110_151625_planta_2.jpg,181,0
20251110_151625_planta_3,20251110_151625_planta_3.jpg,156,0
20251110_151625_planta_4,20251110_151625_planta_4.jpg,152,0
20251110_151629_planta_1,20251110_151629_planta_1.jpg,94,0
20251110_151629_planta_2,20251110_151629_planta_2.jpg,239,1
20251110_151629_planta_3,20251110_151629_planta_3.jpg,90,0
20251110_151629_planta_4,20251110_151629_planta_4.jpg,257,1
20251110_151629_planta_5,20251110_151629_planta_5.jpg,158,0
20251110_151629_planta_6,20251110_151629_planta_6.jpg,89,0
20251110_151629_planta_7,20251110_151629_planta_7.jpg,230,1
20251110_151633_planta_0,20251110_151633_planta_0.jpg,137,0
20251110_151633_planta_1,20251110_151633_planta_1.jpg,63,0
20251110_151633_planta_2,20251110_151633_planta_2.jpg,94,0
20251110_151636_planta_0,20251110_151636_planta_0.jpg,133,0
20251110_151636_planta_1,20251110_151636_planta_1.jpg,300,2
20251110_151636_planta_2,20251110_151636_planta_2.jpg,248,1
20251110_151636_planta_3,20251110_151636_planta_3.jpg,64,0
20251110_151639_planta_0,20251110_151639_planta_0.jpg,183,0
20251110_151639_planta_1,20251110_151639_planta_1.jpg,169,0
20251110_151639_planta_2,20251110_151639_planta_2.jpg,187,0
20251110_151639_planta_3,20251110_151639_planta_3.jpg,80,0
20251110_151639_planta_4,20251110_151639_planta_4.jpg,64,0
20251110_151641_planta_0,20251110_151641_planta_0.jpg,89,0
20251110_151641_planta_1,20251110_151641_planta_1.jpg,238,1
20251110_151641_planta_2,20251110_151641_planta_2.jpg,248,1
20251110_151641_planta_3,20251110_151641_planta_3.jpg,141,0
20251110_151641_planta_4,20251110_151641_planta_4.jpg,169,0
20251110_151641_planta_5,20251110_151641_planta_5.jpg,178,0
20251110_151645_planta_1,20251110_151645_planta_1.jpg,79,0
20251110_151645_planta_10,20251110_151645_planta_10.jpg,92,0
20251110_151645_planta_12,20251110_151645_planta_12.jpg,257,1
20251110_151645_planta_13,20251110_151645_planta_13.jpg,29,0
20251110_151645_planta_14,20251110_151645_planta_14.jpg,223,1
20251110_151645_planta_2,20251110_151645_planta_2.jpg,299,2
20251110_151645_planta_3,20251110_151645_planta_3.jpg,191,0
20251110_151645_planta_4,20251110_151645_planta_4.jpg,140,0
20251110_151645_planta_5,20251110_151645_planta_5.jpg,92,0
20251110_151645_planta_6,20251110_151645_planta_6.jpg,242,1
20251110_151645_planta_7,20251110_151645_planta_7.jpg,242,1
20251110_151645_planta_8,20251110_151645_planta_8.jpg,187,0
20251110_151645_planta_9,20251110_151645_planta_9.jpg,301,2
20251110_151648_planta_0,20251110_151648_planta_0.jpg,129,0
20251110_151648_planta_2,20251110_151648_planta_2.jpg,237,1
20251110_151648_planta_3,20251110_151648_planta_3.jpg,153,0
20251110_151648_planta_4,20251110_151648_planta_4.jpg,79,0
20251110_151648_planta_5,20251110_151648_planta_5.jpg,29,0
20251110_151648_planta_6,20251110_151648_planta_6.jpg,67,0
20251110_151648_planta_7,20251110_151648_planta_7.jpg,236,1
20251110_151652_planta_0,20251110_151652_planta_0.jpg,158,0
20251110_151652_planta_1,20251110_151652_planta_1.jpg,262,1
20251110_151652_planta_2,20251110_151652_planta_2.jpg,301,2
20251110_151655_planta_1,20251110_151655_planta_1.jpg,79,0
20251110_151655_planta_11,20251110_151655_planta_11.jpg,237,1
20251110_151655_planta_12,20251110_151655_planta_12.jpg,200,0
20251110_151655_planta_13,20251110_151655_planta_13.jpg,246,1
20251110_151655_planta_2,20251110_151655_planta_2.jpg,137,0
20251110_151655_planta_3,20251110_151655_planta_3.jpg,178,0
20251110_151655_planta_4,20251110_151655_planta_4.jpg,181,0
20251110_151655_planta_5,20251110_151655_planta_5.jpg,265,1
20251110_151655_planta_6,20251110_151655_planta_6.jpg,137,0
20251110_151655_planta_7,20251110_151655_planta_7.jpg,181,0
20251110_151655_planta_8,20251110_151655_planta_8.jpg,142,0
20251110_151655_planta_9,20251110_151655_planta_9.jpg,64,0
20251110_151657_planta_0,20251110_151657_planta_0.jpg,237,1
20251110_151657_planta_1,20251110_151657_planta_1.jpg,8,0
20251110_151657_planta_2,20251110_151657_planta_2.jpg,262,1
20251110_151657_planta_3,20251110_151657_planta_3.jpg,299,2
20251110_151657_planta_4,20251110_151657_planta_4.jpg,177,0
20251110_151657_planta_5,20251110_151657_planta_5.jpg,223,1
20251110_151657_planta_6,20251110_151657_planta_6.jpg,172,0
20251110_151701_planta_0,20251110_151701_planta_0.jpg,190,0
20251110_151701_planta_1,20251110_151701_planta_1.jpg,182,0
20251110_151701_planta_2,20251110_151701_planta_2.jpg,242,1
20251110_151701_planta_3,20251110_151701_planta_3.jpg,313,3
20251110_151701_planta_4,20251110_151701_planta_4.jpg,178,0
20251110_151701_planta_5,20251110_151701_planta_5.jpg,242,1
20251110_151703_planta_0,20251110_151703_planta_0.jpg,301,2
20251110_151703_planta_1,20251110_151703_planta_1.jpg,172,0
20251110_151703_planta_2,20251110_151703_planta_2.jpg,77,0
20251110_151703_planta_3,20251110_151703_planta_3.jpg,83,0
20251110_151703_planta_4,20251110_151703_planta_4.jpg,83,0
20251110_151703_planta_5,20251110_151703_planta_5.jpg,172,0
20251110_151703_planta_6,20251110_151703_planta_6.jpg,299,2
20251110_151706_planta_0,20251110_151706_planta_0.jpg,243,1
20251110_151706_planta_1,20251110_151706_planta_1.jpg,247,1
20251110_151706_planta_10,20251110_151706_planta_10.jpg,178,0
20251110_151706_planta_11,20251110_151706_planta_11.jpg,257,1
20251110_151706_planta_12,20251110_151706_planta_12.jpg,186,0
20251110_151706_planta_2,20251110_151706_planta_2.jpg,141,0
20251110_151706_planta_3,20251110_151706_planta_3.jpg,158,0
20251110_151706_planta_4,20251110_151706_planta_4.jpg,182,0
20251110_151706_planta_5,20251110_151706_planta_5.jpg,294,2
20251110_151706_planta_6,20251110_151706_planta_6.jpg,67,0
20251110_151706_planta_7,20251110_151706_planta_7.jpg,79,0
20251110_151706_planta_8,20251110_151706_planta_8.jpg,107,0
20251110_151706_planta_9,20251110_151706_planta_9.jpg,240,1
20251110_151709_planta_0,20251110_151709_planta_0.jpg,172,0
20251110_151709_planta_1,20251110_151709_planta_1.jpg,77,0
20251110_151709_planta_10,20251110_151709_planta_10.jpg,177,0
20251110_151709_planta_11,20251110_151709_planta_11.jpg,178,0
20251110_151709_planta_12,20251110_151709_planta_12.jpg,90,0
20251110_151709_planta_2,20251110_151709_planta_2.jpg,141,0
20251110_151709_planta_3,20251110_151709_planta_3.jpg,178,0
20251110_151709_planta_4,20251110_151709_planta_4.jpg,257,1
20251110_151709_planta_5,20251110_151709_planta_5.jpg,237,1
20251110_151709_planta_6,20251110_151709_planta_6.jpg,178,0
20251110_151709_planta_7,20251110_151709_planta_7.jpg,300,2
20251110_151709_planta_8,20251110_151709_planta_8.jpg,141,0
20251110_151709_planta_9,20251110_151709_planta_9.jpg,178,0
20251110_151714_planta_0,20251110_151714_planta_0.jpg,172,0
20251110_151714_planta_2,20251110_151714_planta_2.jpg,155,0
20251110_151718_planta_0,20251110_151718_planta_0.jpg,87,0
20251110_151718_planta_1,20251110_151718_planta_1.jpg,67,0
20251110_151718_planta_2,20251110_151718_planta_2.jpg,236,1
20251110_151718_planta_3,20251110_151718_planta_3.jpg,107,0
20251110_151718_planta_4,20251110_151718_planta_4.jpg,262,1
20251110_151718_planta_5,20251110_151718_planta_5.jpg,134,0
20251110_151718_planta_6,20251110_151718_planta_6.jpg,83,0
20251110_151722_planta_0,20251110_151722_planta_0.jpg,247,1
20251110_151722_planta_1,20251110_151722_planta_1.jpg,80,0
20251110_151722_planta_2,20251110_151722_planta_2.jpg,156,0
20251110_151722_planta_3,20251110_151722_planta_3.jpg,236,1
20251110_151722_planta_4,20251110_151722_planta_4.jpg,178,0
20251110_151726_planta_0,20251110_151726_planta_0.jpg,262,1
20251110_151726_planta_1,20251110_151726_planta_1.jpg,12,0
20251110_151726_planta_2,20251110_151726_planta_2.jpg,178,0
20251110_151726_planta_3,20251110_151726_planta_3.jpg,64,0
20251110_151726_planta_4,20251110_151726_planta_4.jpg,186,0
20251110_151726_planta_5,20251110_151726_planta_5.jpg,181,0
20251110_151726_planta_6,20251110_151726_planta_6.jpg,182,0
20251110_151728_planta_0,20251110_151728_planta_0.jpg,77,0
20251110_151728_planta_1,20251110_151728_planta_1.jpg,64,0
20251110_151728_planta_2,20251110_151728_planta_2.jpg,80,0
20251110_151728_planta_3,20251110_151728_planta_3.jpg,257,1
20251110_151728_planta_4,20251110_151728_planta_4.jpg,79,0
20251110_151732_planta_0,20251110_151732_planta_0.jpg,77,0
20251110_151732_planta_1,20251110_151732_planta_1.jpg,262,1
20251110_151732_planta_2,20251110_151732_planta_2.jpg,169,0
20251110_151732_planta_4,20251110_151732_planta_4.jpg,80,0
20251110_151735_planta_0,20251110_151735_planta_0.jpg,257,1
20251110_151735_planta_1,20251110_151735_planta_1.jpg,137,0
20251110_151735_planta_2,20251110_151735_planta_2.jpg,242,1
20251110_151740_planta_10,20251110_151740_planta_10.jpg,242,1
20251110_151746_planta_0,20251110_151746_planta_0.jpg,257,1
20251110_151746_planta_1,20251110_151746_planta_1.jpg,77,0
20251110_151746_planta_10,20251110_151746_planta_10.jpg,163,0
20251110_151746_planta_11,20251110_151746_planta_11.jpg,129,0
20251110_151746_planta_12,20251110_151746_planta_12.jpg,182,0
20251110_151746_planta_13,20251110_151746_planta_13.jpg,169,0
20251110_151746_planta_14,20251110_151746_planta_14.jpg,237,1
20251110_151746_planta_16,20251110_151746_planta_16.jpg,246,1
20251110_151746_planta_17,20251110_151746_planta_17.jpg,99,0
20251110_151746_planta_18,20251110_151746_planta_18.jpg,83,0
20251110_151746_planta_19,20251110_151746_planta_19.jpg,78,0
20251110_151746_planta_2,20251110_151746_planta_2.jpg,261,1
20251110_151746_planta_3,20251110_151746_planta_3.jpg,89,0
20251110_151746_planta_4,20251110_151746_planta_4.jpg,141,0
20251110_151746_planta_5,20251110_151746_planta_5.jpg,64,0
20251110_151746_planta_6,20251110_151746_planta_6.jpg,201,0
20251110_151746_planta_7,20251110_151746_planta_7.jpg,301,2
20251110_151746_planta_8,20251110_151746_planta_8.jpg,314,3
20251110_151746_planta_9,20251110_151746_planta_9.jpg,80,0
20251110_151749_planta_0,20251110_151749_planta_0.jpg,64,0
20251110_151749_planta_1,20251110_151749_planta_1.jpg,12,0
20251110_151749_planta_10,20251110_151749_planta_10.jpg,191,0
20251110_151749_planta_11,20251110_151749_planta_11.jpg,64,0
20251110_151749_planta_12,20251110_151749_planta_12.jpg,87,0
20251110_151749_planta_2,20251110_151749_planta_2.jpg,223,1
20251110_151749_planta_4,20251110_151749_planta_4.jpg,237,1
20251110_151749_planta_5,20251110_151749_planta_5.jpg,140,0
20251110_151749_planta_6,20251110_151749_planta_6.jpg,87,0
20251110_151749_planta_7,20251110_151749_planta_7.jpg,29,0
20251110_151749_planta_8,20251110_151749_planta_8.jpg,190,0
20251110_151755_planta_0,20251110_151755_planta_0.jpg,83,0
20251110_151757_planta_0,20251110_151757_planta_0.jpg,77,0
20251110_151757_planta_2,20251110_151757_planta_2.jpg,139,0
20251110_151802_planta_0,20251110_151802_planta_0.jpg,77,0
20251110_151802_planta_1,20251110_151802_planta_1.jpg,80,0
20251110_151802_planta_2,20251110_151802_planta_2.jpg,247,1
20251110_151806_planta_0,20251110_151806_planta_0.jpg,67,0
20251110_151806_planta_1,20251110_151806_planta_1.jpg,181,0
20251110_151806_planta_2,20251110_151806_planta_2.jpg,100,0
20251110_151809_planta_1,20251110_151809_planta_1.jpg,87,0
20251110_151809_planta_2,20251110_151809_planta_2.jpg,138,0
20251110_151809_planta_3,20251110_151809_planta_3.jpg,95,0
20251110_151809_planta_4,20251110_151809_planta_4.jpg,239,1
20251110_151809_planta_6,20251110_151809_planta_6.jpg,293,2
20251110_151809_planta_7,20251110_151809_planta_7.jpg,245,1
20251110_151815_planta_0,20251110_151815_planta_0.jpg,77,0
20251110_151815_planta_1,20251110_151815_planta_1.jpg,80,0
20251110_151815_planta_2,20251110_151815_planta_2.jpg,80,0
20251110_151815_planta_3,20251110_151815_planta_3.jpg,77,0
20251110_151815_planta_4,20251110_151815_planta_4.jpg,13,0
20251110_151815_planta_5,20251110_151815_planta_5.jpg,77,0
20251110_151826_planta_0,20251110_151826_planta_0.jpg,47,0
20251110_151826_planta_1,20251110_151826_planta_1.jpg,143,0
20251110_151826_planta_2,20251110_151826_planta_2.jpg,143,0
20251110_151826_planta_3,20251110_151826_planta_3.jpg,67,0
20251110_151832_planta_0,20251110_151832_planta_0.jpg,293,2
20251110_151832_planta_1,20251110_151832_planta_1.jpg,314,3
20251110_151832_planta_2,20251110_151832_planta_2.jpg,122,0
20251110_151837_planta_0,20251110_151837_planta_0.jpg,77,0
20251110_151837_planta_1,20251110_151837_planta_1.jpg,77,0
20251110_151837_planta_2,20251110_151837_planta_2.jpg,64,0
20251110_151837_planta_3,20251110_151837_planta_3.jpg,220,1
20251110_151837_planta_4,20251110_151837_planta_4.jpg,144,0
20251110_151837_planta_5,20251110_151837_planta_5.jpg,77,0
20251110_151840_planta_0,20251110_151840_planta_0.jpg,304,2
20251110_151840_planta_1,20251110_151840_planta_1.jpg,83,0
20251110_151845_planta_0,20251110_151845_planta_0.jpg,77,0
20251110_151845_planta_1,20251110_151845_planta_1.jpg,133,0
20251110_151858_planta_0,20251110_151858_planta_0.jpg,189,0
20251110_151858_planta_1,20251110_151858_planta_1.jpg,171,0
20251110_151858_planta_2,20251110_151858_planta_2.jpg,23,0
20251110_151858_planta_4,20251110_151858_planta_4.jpg,23,0
20251110_151900_planta_0,20251110_151900_planta_0.jpg,64,0
20251110_151905_planta_0,20251110_151905_planta_0.jpg,80,0
20251110_151905_planta_1,20251110_151905_planta_1.jpg,77,0
20251110_151905_planta_2,20251110_151905_planta_2.jpg,125,0
20251110_151905_planta_3,20251110_151905_planta_3.jpg,8,0
20251110_151913_planta_0,20251110_151913_planta_0.jpg,293,2
20251110_151924_planta_0,20251110_151924_planta_0.jpg,13,0
20251110_151930_planta_0,20251110_151930_planta_0.jpg,139,0
20251110_151933_planta_0,20251110_151933_planta_0.jpg,139,0
20251110_151933_planta_1,20251110_151933_planta_1.jpg,239,1
20251110_151933_planta_2,20251110_151933_planta_2.jpg,8,0
20251110_151934_planta_0,20251110_151934_planta_0.jpg,139,0
20251110_151941_planta_0,20251110_151941_planta_0.jpg,274,1
20251110_151941_planta_1,20251110_151941_planta_1.jpg,188,0
20251110_151941_planta_2,20251110_151941_planta_2.jpg,146,0
20251110_151941_planta_3,20251110_151941_planta_3.jpg,147,0
20251110_151943_planta_0,20251110_151943_planta_0.jpg,90,0
20251110_151943_planta_1,20251110_151943_planta_1.jpg,318,3
20251110_151943_planta_2,20251110_151943_planta_2.jpg,92,0
20251110_151945_planta_0,20251110_151945_planta_0.jpg,122,0
20251110_151950_planta_1,20251110_151950_planta_1.jpg,107,0
20251110_151950_planta_2,20251110_151950_planta_2.jpg,146,0
20251110_151950_planta_3,20251110_151950_planta_3.jpg,8,0
20251110_151950_planta_4,20251110_151950_planta_4.jpg,8,0
20251110_151950_planta_5,20251110_151950_planta_5.jpg,90,0
20251110_151950_planta_6,20251110_151950_planta_6.jpg,8,0
20251110_151952_planta_0,20251110_151952_planta_0.jpg,122,0
20251110_151952_planta_1,20251110_151952_planta_1.jpg,146,0
20251110_151952_planta_2,20251110_151952_planta_2.jpg,234,1
20251110_151952_planta_4,20251110_151952_planta_4.jpg,293,2
20251110_151956_planta_0,20251110_151956_planta_0.jpg,188,0
20251110_151956_planta_1,20251110_151956_planta_1.jpg,147,0
20251110_152002_planta_0,20251110_152002_planta_0.jpg,80,0
20251110_152002_planta_1,20251110_152002_planta_1.jpg,262,1
20251110_152002_planta_2,20251110_152002_planta_2.jpg,80,0
20251110_152004_planta_0,20251110_152004_planta_0.jpg,129,0
20251110_152004_planta_1,20251110_152004_planta_1.jpg,80,0
20251110_152004_planta_2,20251110_152004_planta_2.jpg,258,1
20251110_152009_planta_0,20251110_152009_planta_0.jpg,78,0
20251110_152009_planta_1,20251110_152009_planta_1.jpg,121,0
20251110_152009_planta_2,20251110_152009_planta_2.jpg,122,0
20251110_152014_planta_0,20251110_152014_planta_0.jpg,100,0
20251110_152014_planta_1,20251110_152014_planta_1.jpg,225,1
20251110_152019_planta_0,20251110_152019_planta_0.jpg,312,2
20251110_152023_planta_0,20251110_152023_planta_0.jpg,116,0
20251110_152023_planta_1,20251110_152023_planta_1.jpg,217,1
20251110_152025_planta_0,20251110_152025_planta_0.jpg,90,0
20251110_152025_planta_1,20251110_152025_planta_1.jpg,298,2
20251110_152025_planta_2,20251110_152025_planta_2.jpg,8,0
20251110_152028_planta_0,20251110_152028_planta_0.jpg,262,1
20251110_152032_planta_0,20251110_152032_planta_0.jpg,77,0
20251110_152032_planta_1,20251110_152032_planta_1.jpg,137,0
20251110_152032_planta_2,20251110_152032_planta_2.jpg,11,0
20251110_152032_planta_3,20251110_152032_planta_3.jpg,8,0
20251110_152043_planta_0,20251110_152043_planta_0.jpg,315,3
20251110_152043_planta_1,20251110_152043_planta_1.jpg,95,0
20251110_152043_planta_2,20251110_152043_planta_2.jpg,107,0
20251110_152043_planta_3,20251110_152043_planta_3.jpg,168,0
20251110_152043_planta_5,20251110_152043_planta_5.jpg,293,2
20251110_152043_planta_6,20251110_152043_planta_6.jpg,44,0
20251110_152048_planta_0,20251110_152048_planta_0.jpg,107,0
20251110_152055_planta_0,20251110_152055_planta_0.jpg,299,2
20251110_152055_planta_1,20251110_152055_planta_1.jpg,134,0
20251110_152102_planta_0,20251110_152102_planta_0.jpg,247,1
20251110_152102_planta_1,20251110_152102_planta_1.jpg,139,0
20251110_152102_planta_2,20251110_152102_planta_2.jpg,12,0
20251110_152106_planta_0,20251110_152106_planta_0.jpg,262,1
20251110_152106_planta_1,20251110_152106_planta_1.jpg,79,0
20251110_152106_planta_2,20251110_152106_planta_2.jpg,201,0
20251110_152106_planta_3,20251110_152106_planta_3.jpg,107,0
20251110_152109_planta_0,20251110_152109_planta_0.jpg,78,0
20251110_152109_planta_1,20251110_152109_planta_1.jpg,247,1
20251110_152109_planta_2,20251110_152109_planta_2.jpg,133,0
20251110_152109_planta_3,20251110_152109_planta_3.jpg,223,1
20251110_152116_planta_0,20251110_152116_planta_0.jpg,184,0
20251110_152116_planta_1,20251110_152116_planta_1.jpg,201,0
20251110_152116_planta_2,20251110_152116_planta_2.jpg,230,1
20251110_152116_planta_3,20251110_152116_planta_3.jpg,261,1
20251110_152116_planta_4,20251110_152116_planta_4.jpg,122,0
20251110_152118_planta_0,20251110_152118_planta_0.jpg,262,1
20251110_152118_planta_1,20251110_152118_planta_1.jpg,313,3
20251110_152118_planta_2,20251110_152118_planta_2.jpg,89,0
20251110_152118_planta_3,20251110_152118_planta_3.jpg,77,0
20251110_152123_planta_0,20251110_152123_planta_0.jpg,139,0
20251110_152123_planta_1,20251110_152123_planta_1.jpg,262,1
20251110_152123_planta_2,20251110_152123_planta_2.jpg,237,1
20251110_152127_planta_0,20251110_152127_planta_0.jpg,87,0
20251110_152127_planta_1,20251110_152127_planta_1.jpg,242,1
20251110_152127_planta_2,20251110_152127_planta_2.jpg,100,0
20251110_152131_planta_0,20251110_152131_planta_0.jpg,139,0
20251110_152136_planta_0,20251110_152136_planta_0.jpg,139,0
20251110_152136_planta_1,20251110_152136_planta_1.jpg,80,0
20251110_152136_planta_2,20251110_152136_planta_2.jpg,122,0
20251110_152146_planta_0,20251110_152146_planta_0.jpg,77,0
20251110_152146_planta_1,20251110_152146_planta_1.jpg,77,0
20251110_152146_planta_3,20251110_152146_planta_3.jpg,77,0
20251110_152146_planta_4,20251110_152146_planta_4.jpg,77,0
20251110_152146_planta_5,20251110_152146_planta_5.jpg,201,0
20251110_152146_planta_6,20251110_152146_planta_6.jpg,13,0
20251110_152146_planta_7,20251110_152146_planta_7.jpg,79,0
20251110_152146_planta_8,20251110_152146_planta_8.jpg,77,0
20251110_152151_planta_0,20251110_152151_planta_0.jpg,234,1
20251110_152151_planta_1,20251110_152151_planta_1.jpg,78,0
20251110_152151_planta_2,20251110_152151_planta_2.jpg,78,0
20251110_152151_planta_3,20251110_152151_planta_3.jpg,248,1
20251110_152151_planta_4,20251110_152151_planta_4.jpg,246,1
20251110_152151_planta_5,20251110_152151_planta_5.jpg,77,0
20251110_152151_planta_6,20251110_152151_planta_6.jpg,292,2
20251110_152151_planta_7,20251110_152151_planta_7.jpg,186,0
20251110_152151_planta_8,20251110_152151_planta_8.jpg,80,0
20251110_152155_planta_0,20251110_152155_planta_0.jpg,179,0
20251110_152155_planta_1,20251110_152155_planta_1.jpg,158,0
20251110_152155_planta_2,20251110_152155_planta_2.jpg,225,1
20251110_152200_planta_0,20251110_152200_planta_0.jpg,298,2
20251110_152200_planta_3,20251110_152200_planta_3.jpg,107,0
20251110_152201_planta_0,20251110_152201_planta_0.jpg,262,1
20251110_152201_planta_1,20251110_152201_planta_1.jpg,122,0
20251110_152204_planta_0,20251110_152204_planta_0.jpg,63,0
20251110_152204_planta_1,20251110_152204_planta_1.jpg,281,1
20251110_152204_planta_2,20251110_152204_planta_2.jpg,191,0
20251110_152204_planta_3,20251110_152204_planta_3.jpg,29,0
20251110_152204_planta_4,20251110_152204_planta_4.jpg,168,0
20251110_152206_planta_1,20251110_152206_planta_1.jpg,63,0
20251110_152210_planta_0,20251110_152210_planta_0.jpg,293,2
20251110_152210_planta_1,20251110_152210_planta_1.jpg,179,0
20251110_152210_planta_2,20251110_152210_planta_2.jpg,120,0
20251110_152214_planta_1,20251110_152214_planta_1.jpg,77,0
20251110_152214_planta_2,20251110_152214_planta_2.jpg,65,0
20251110_152214_planta_3,20251110_152214_planta_3.jpg,90,0
20251110_152214_planta_4,20251110_152214_planta_4.jpg,147,0
20251110_152216_planta_0,20251110_152216_planta_0.jpg,293,2
20251110_152216_planta_1,20251110_152216_planta_1.jpg,65,0
20251110_152216_planta_2,20251110_152216_planta_2.jpg,179,0
20251110_152216_planta_3,20251110_152216_planta_3.jpg,120,0
20251110_152219_planta_0,20251110_152219_planta_0.jpg,145,0
20251110_152219_planta_1,20251110_152219_planta_1.jpg,182,0
20251110_152219_planta_2,20251110_152219_planta_2.jpg,247,1
20251110_152221_planta_0,20251110_152221_planta_0.jpg,293,2
20251110_152221_planta_1,20251110_152221_planta_1.jpg,178,0
20251110_152221_planta_2,20251110_152221_planta_2.jpg,179,0
20251110_152221_planta_3,20251110_152221_planta_3.jpg,146,0
20251110_152221_planta_4,20251110_152221_planta_4.jpg,189,0
20251110_152222_planta_0,20251110_152222_planta_0.jpg,179,0
20251110_152222_planta_1,20251110_152222_planta_1.jpg,146,0
20251110_152224_planta_0,20251110_152224_planta_0.jpg,179,0
20251110_152224_planta_1,20251110_152224_planta_1.jpg,179,0
20251110_152224_planta_2,20251110_152224_planta_2.jpg,179,0
20251110_152226_planta_0,20251110_152226_planta_0.jpg,178,0
20251110_152226_planta_1,20251110_152226_planta_1.jpg,29,0
20251110_152226_planta_2,20251110_152226_planta_2.jpg,120,0
20251110_152226_planta_3,20251110_152226_planta_3.jpg,182,0
20251110_152231_planta_0,20251110_152231_planta_0.jpg,179,0
20251110_152234_planta_0,20251110_152234_planta_0.jpg,172,0
20251110_152234_planta_1,20251110_152234_planta_1.jpg,178,0
20251110_152239_planta_0,20251110_152239_planta_0.jpg,271,1
20251110_152239_planta_1,20251110_152239_planta_1.jpg,147,0
20251110_152239_planta_2,20251110_152239_planta_2.jpg,293,2
20251110_152239_planta_4,20251110_152239_planta_4.jpg,298,2
20251110_152247_planta_0,20251110_152247_planta_0.jpg,147,0
20251110_152247_planta_10,20251110_152247_planta_10.jpg,168,0
20251110_152247_planta_11,20251110_152247_planta_11.jpg,177,0
20251110_152247_planta_12,20251110_152247_planta_12.jpg,245,1
20251110_152247_planta_2,20251110_152247_planta_2.jpg,176,0
20251110_152247_planta_3,20251110_152247_planta_3.jpg,271,1
20251110_152247_planta_4,20251110_152247_planta_4.jpg,176,0
20251110_152247_planta_5,20251110_152247_planta_5.jpg,171,0
20251110_152247_planta_6,20251110_152247_planta_6.jpg,90,0
20251110_152247_planta_7,20251110_152247_planta_7.jpg,145,0
20251110_152247_planta_8,20251110_152247_planta_8.jpg,168,0
20251110_152247_planta_9,20251110_152247_planta_9.jpg,298,2
20251110_152254_planta_0,20251110_152254_planta_0.jpg,176,0
20251110_152254_planta_1,20251110_152254_planta_1.jpg,171,0
20251110_152254_planta_2,20251110_152254_planta_2.jpg,245,1
20251110_152254_planta_3,20251110_152254_planta_3.jpg,147,0
20251110_152254_planta_4,20251110_152254_planta_4.jpg,271,1
20251110_152254_planta_5,20251110_152254_planta_5.jpg,271,1
20251110_152254_planta_6,20251110_152254_planta_6.jpg,8,0
20251110_152258_planta_1,20251110_152258_planta_1.jpg,179,0
20251110_152304_planta_0,20251110_152304_planta_0.jpg,156,0
20251110_152304_planta_1,20251110_152304_planta_1.jpg,300,2
20251110_152304_planta_2,20251110_152304_planta_2.jpg,156,0
20251110_152304_planta_3,20251110_152304_planta_3.jpg,179,0
20251110_152304_planta_4,20251110_152304_planta_4.jpg,179,0
20251110_152309_planta_0,20251110_152309_planta_0.jpg,228,1
20251110_152312_planta_1,20251110_152312_planta_1.jpg,171,0
20251110_152312_planta_2,20251110_152312_planta_2.jpg,80,0
20251110_152316_planta_0,20251110_152316_planta_0.jpg,189,0
20251110_152316_planta_10,20251110_152316_planta_10.jpg,168,0
20251110_152316_planta_4,20251110_152316_planta_4.jpg,179,0
20251110_152316_planta_5,20251110_152316_planta_5.jpg,220,1
20251110_152316_planta_6,20251110_152316_planta_6.jpg,189,0
20251110_152316_planta_7,20251110_152316_planta_7.jpg,168,0
20251110_152316_planta_8,20251110_152316_planta_8.jpg,188,0
20251110_152316_planta_9,20251110_152316_planta_9.jpg,189,0
20251110_152318_planta_0,20251110_152318_planta_0.jpg,179,0
20251110_152318_planta_2,20251110_152318_planta_2.jpg,171,0
20251110_152318_planta_4,20251110_152318_planta_4.jpg,185,0
20251110_152318_planta_5,20251110_152318_planta_5.jpg,75,0
20251110_152318_planta_6,20251110_152318_planta_6.jpg,179,0
20251110_152327_planta_1,20251110_152327_planta_1.jpg,176,0
20251110_152327_planta_2,20251110_152327_planta_2.jpg,167,0
20251110_152327_planta_4,20251110_152327_planta_4.jpg,147,0
20251110_152327_planta_5,20251110_152327_planta_5.jpg,146,0
20251110_152330_planta_0,20251110_152330_planta_0.jpg,168,0
20251110_152330_planta_1,20251110_152330_planta_1.jpg,147,0
20251110_152330_planta_3,20251110_152330_planta_3.jpg,100,0
20251110_152330_planta_4,20251110_152330_planta_4.jpg,139,0
20251110_152330_planta_5,20251110_152330_planta_5.jpg,147,0
20251110_152330_planta_6,20251110_152330_planta_6.jpg,168,0
20251110_152330_planta_7,20251110_152330_planta_7.jpg,147,0
20251110_152330_planta_8,20251110_152330_planta_8.jpg,189,0
20251110_152330_planta_9,20251110_152330_planta_9.jpg,150,0
20251110_152334_planta_1,20251110_152334_planta_1.jpg,139,0
20251110_152334_planta_2,20251110_152334_planta_2.jpg,179,0
20251110_152334_planta_3,20251110_152334_planta_3.jpg,171,0
20251110_152334_planta_4,20251110_152334_planta_4.jpg,271,1
20251110_152338_planta_1,20251110_152338_planta_1.jpg,271,1
20251110_152338_planta_2,20251110_152338_planta_2.jpg,271,1
20251110_152338_planta_3,20251110_152338_planta_3.jpg,120,0
20251110_152338_planta_5,20251110_152338_planta_5.jpg,224,1
20251110_152338_planta_6,20251110_152338_planta_6.jpg,188,0
20251110_152338_planta_7,20251110_152338_planta_7.jpg,293,2
20251110_152344_planta_0,20251110_152344_planta_0.jpg,171,0
20251110_152344_planta_1,20251110_152344_planta_1.jpg,120,0
20251110_152344_planta_2,20251110_152344_planta_2.jpg,273,1
20251110_152344_planta_3,20251110_152344_planta_3.jpg,145,0
20251110_152350_planta_0,20251110_152350_planta_0.jpg,147,0
20251110_152350_planta_1,20251110_152350_planta_1.jpg,64,0
20251110_152350_planta_2,20251110_152350_planta_2.jpg,171,0
20251110_152350_planta_3,20251110_152350_planta_3.jpg,168,0
20251110_152350_planta_4,20251110_152350_planta_4.jpg,147,0
20251110_152350_planta_5,20251110_152350_planta_5.jpg,146,0
20251110_152350_planta_6,20251110_152350_planta_6.jpg,147,0
20251110_152350_planta_7,20251110_152350_planta_7.jpg,65,0
20251110_152359_planta_0,20251110_152359_planta_0.jpg,87,0
20251110_152400_planta_0,20251110_152400_planta_0.jpg,43,0
20251110_152400_planta_1,20251110_152400_planta_1.jpg,95,0
20251110_152400_planta_2,20251110_152400_planta_2.jpg,107,0
20251110_152408_planta_0,20251110_152408_planta_0.jpg,189,0
20251110_152408_planta_1,20251110_152408_planta_1.jpg,100,0
20251110_152408_planta_2,20251110_152408_planta_2.jpg,302,2
20251110_152408_planta_3,20251110_152408_planta_3.jpg,188,0
20251110_152408_planta_4,20251110_152408_planta_4.jpg,179,0
20251110_152409_planta_1,20251110_152409_planta_1.jpg,179,0
20251110_152409_planta_2,20251110_152409_planta_2.jpg,100,0
20251110_152417_planta_0,20251110_152417_planta_0.jpg,142,0
20251110_152417_planta_2,20251110_152417_planta_2.jpg,142,0
20251110_152425_planta_0,20251110_152425_planta_0.jpg,120,0
20251110_152425_planta_1,20251110_152425_planta_1.jpg,100,0
20251110_152425_planta_2,20251110_152425_planta_2.jpg,138,0
20251110_152425_planta_3,20251110_152425_planta_3.jpg,100,0
20251110_152425_planta_4,20251110_152425_planta_4.jpg,83,0
20251110_152425_planta_5,20251110_152425_planta_5.jpg,120,0
20251110_152432_planta_0,20251110_152432_planta_0.jpg,187,0
20251110_152432_planta_1,20251110_152432_planta_1.jpg,172,0
20251110_152432_planta_10,20251110_152432_planta_10.jpg,247,1
20251110_152432_planta_11,20251110_152432_planta_11.jpg,237,1
20251110_152432_planta_12,20251110_152432_planta_12.jpg,199,0
20251110_152432_planta_13,20251110_152432_planta_13.jpg,141,0
20251110_152432_planta_15,20251110_152432_planta_15.jpg,187,0
20251110_152432_planta_2,20251110_152432_planta_2.jpg,172,0
20251110_152432_planta_3,20251110_152432_planta_3.jpg,266,1
20251110_152432_planta_4,20251110_152432_planta_4.jpg,265,1
20251110_152432_planta_5,20251110_152432_planta_5.jpg,187,0
20251110_152432_planta_6,20251110_152432_planta_6.jpg,266,1
20251110_152432_planta_8,20251110_152432_planta_8.jpg,186,0
20251110_152432_planta_9,20251110_152432_planta_9.jpg,265,1
20251110_152441_planta_0,20251110_152441_planta_0.jpg,168,0
20251110_152441_planta_1,20251110_152441_planta_1.jpg,167,0
20251110_152441_planta_3,20251110_152441_planta_3.jpg,302,2
20251110_152441_planta_4,20251110_152441_planta_4.jpg,189,0
20251110_152441_planta_5,20251110_152441_planta_5.jpg,100,0
20251110_152441_planta_7,20251110_152441_planta_7.jpg,167,0
20251110_152441_planta_8,20251110_152441_planta_8.jpg,139,0
20251110_152441_planta_9,20251110_152441_planta_9.jpg,188,0
20251110_152447_planta_0,20251110_152447_planta_0.jpg,100,0
20251110_152447_planta_1,20251110_152447_planta_1.jpg,138,0
20251110_152447_planta_2,20251110_152447_planta_2.jpg,138,0
20251110_152450_planta_0,20251110_152450_planta_0.jpg,138,0
20251110_152450_planta_1,20251110_152450_planta_1.jpg,139,0
20251110_152452_planta_0,20251110_152452_planta_0.jpg,261,1
20251110_152452_planta_1,20251110_152452_planta_1.jpg,100,0
20251110_152456_planta_0,20251110_152456_planta_0.jpg,100,0
20251110_152500_planta_1,20251110_152500_planta_1.jpg,100,0
20251110_152500_planta_2,20251110_152500_planta_2.jpg,230,1
20251110_152500_planta_3,20251110_152500_planta_3.jpg,228,1
20251110_152500_planta_4,20251110_152500_planta_4.jpg,100,0
20251110_152508_planta_0,20251110_152508_planta_0.jpg,171,0
20251110_152508_planta_1,20251110_152508_planta_1.jpg,241,1
20251110_152508_planta_2,20251110_152508_planta_2.jpg,298,2
20251110_152508_planta_3,20251110_152508_planta_3.jpg,167,0
20251110_152508_planta_5,20251110_152508_planta_5.jpg,179,0
20251110_152508_planta_6,20251110_152508_planta_6.jpg,90,0
20251110_152508_planta_7,20251110_152508_planta_7.jpg,171,0
20251110_152512_planta_0,20251110_152512_planta_0.jpg,75,0
20251110_152512_planta_1,20251110_152512_planta_1.jpg,147,0
20251110_152512_planta_10,20251110_152512_planta_10.jpg,171,0
20251110_152512_planta_12,20251110_152512_planta_12.jpg,182,0
20251110_152512_planta_2,20251110_152512_planta_2.jpg,64,0
20251110_152512_planta_3,20251110_152512_planta_3.jpg,147,0
20251110_152512_planta_4,20251110_152512_planta_4.jpg,146,0
20251110_152512_planta_5,20251110_152512_planta_5.jpg,302,2
20251110_152512_planta_6,20251110_152512_planta_6.jpg,262,1
20251110_152512_planta_7,20251110_152512_planta_7.jpg,168,0
20251110_152512_planta_8,20251110_152512_planta_8.jpg,168,0
20251110_152512_planta_9,20251110_152512_planta_9.jpg,168,0
20251110_152518_planta_0,20251110_152518_planta_0.jpg,153,0
20251110_152518_planta_2,20251110_152518_planta_2.jpg,145,0
20251110_152535_planta_0,20251110_152535_planta_0.jpg,8,0
20251110_152553_planta_0,20251110_152553_planta_0.jpg,47,0
20251110_152553_planta_2,20251110_152553_planta_2.jpg,61,0
20251110_152559_planta_0,20251110_152559_planta_0.jpg,238,1
20251110_152559_planta_1,20251110_152559_planta_1.jpg,120,0
20251110_152559_planta_2,20251110_152559_planta_2.jpg,216,1
20251110_152559_planta_3,20251110_152559_planta_3.jpg,179,0
20251110_152559_planta_4,20251110_152559_planta_4.jpg,145,0
20251110_152601_planta_0,20251110_152601_planta_0.jpg,108,0
20251110_152601_planta_1,20251110_152601_planta_1.jpg,178,0
20251110_152607_planta_0,20251110_152607_planta_0.jpg,179,0
20251110_152607_planta_2,20251110_152607_planta_2.jpg,293,2
20251110_152607_planta_3,20251110_152607_planta_3.jpg,302,2
20251110_152620_planta_0,20251110_152620_planta_0.jpg,271,1
20251110_152620_planta_1,20251110_152620_planta_1.jpg,167,0
20251110_152620_planta_2,20251110_152620_planta_2.jpg,274,1
20251110_152620_planta_4,20251110_152620_planta_4.jpg,126,0
20251110_152620_planta_5,20251110_152620_planta_5.jpg,156,0
20251110_152620_planta_6,20251110_152620_planta_6.jpg,216,1
20251110_152620_planta_7,20251110_152620_planta_7.jpg,189,0
20251110_152620_planta_8,20251110_152620_planta_8.jpg,107,0
20251110_152628_planta_0,20251110_152628_planta_0.jpg,153,0
20251110_152628_planta_1,20251110_152628_planta_1.jpg,139,0
20251110_152628_planta_2,20251110_152628_planta_2.jpg,155,0
20251110_152628_planta_3,20251110_152628_planta_3.jpg,187,0
20251110_152645_planta_0,20251110_152645_planta_0.jpg,170,0
20251110_152645_planta_1,20251110_152645_planta_1.jpg,139,0
20251110_152656_planta_1,20251110_152656_planta_1.jpg,172,0
20251110_152656_planta_2,20251110_152656_planta_2.jpg,265,1
20251110_152656_planta_3,20251110_152656_planta_3.jpg,153,0
20251110_152656_planta_4,20251110_152656_planta_4.jpg,257,1
20251110_152656_planta_5,20251110_152656_planta_5.jpg,141,0
20251110_152710_planta_0,20251110_152710_planta_0.jpg,238,1
20251110_152710_planta_1,20251110_152710_planta_1.jpg,172,0
20251110_152710_planta_2,20251110_152710_planta_2.jpg,141,0
20251110_152710_planta_3,20251110_152710_planta_3.jpg,257,1
20251110_152710_planta_4,20251110_152710_planta_4.jpg,246,1
20251110_152710_planta_5,20251110_152710_planta_5.jpg,158,0
20251110_152710_planta_6,20251110_152710_planta_6.jpg,304,2
20251110_152710_planta_7,20251110_152710_planta_7.jpg,186,0
20251110_152714_planta_0,20251110_152714_planta_0.jpg,77,0
20251110_152714_planta_1,20251110_152714_planta_1.jpg,182,0
20251110_152716_planta_0,20251110_152716_planta_0.jpg,261,1
20251110_152716_planta_1,20251110_152716_planta_1.jpg,170,0
20251110_152739_planta_0,20251110_152739_planta_0.jpg,169,0
20251110_152739_planta_1,20251110_152739_planta_1.jpg,230,1
20251110_152747_planta_1,20251110_152747_planta_1.jpg,242,1
20251110_152747_planta_5,20251110_152747_planta_5.jpg,142,0
20251110_152751_planta_0,20251110_152751_planta_0.jpg,140,0
20251110_152751_planta_1,20251110_152751_planta_1.jpg,163,0
20251110_152751_planta_2,20251110_152751_planta_2.jpg,249,1
20251110_152751_planta_3,20251110_152751_planta_3.jpg,140,0
20251110_152751_planta_4,20251110_152751_planta_4.jpg,164,0
20251110_152751_planta_5,20251110_152751_planta_5.jpg,242,1
20251110_152751_planta_6,20251110_152751_planta_6.jpg,242,1
20251110_152751_planta_7,20251110_152751_planta_7.jpg,92,0
20251110_152751_planta_8,20251110_152751_planta_8.jpg,243,1
20251110_152757_planta_0,20251110_152757_planta_0.jpg,21,0
20251110_152757_planta_1,20251110_152757_planta_1.jpg,21,0
20251110_152757_planta_2,20251110_152757_planta_2.jpg,21,0
20251110_152757_planta_3,20251110_152757_planta_3.jpg,21,0
20251110_152757_planta_4,20251110_152757_planta_4.jpg,21,0
20251110_152757_planta_5,20251110_152757_planta_5.jpg,21,0
20251110_152757_planta_6,20251110_152757_planta_6.jpg,62,0
20251110_152802_planta_0,20251110_152802_planta_0.jpg,8,0
20251110_152807_planta_0,20251110_152807_planta_0.jpg,21,0
20251110_152807_planta_1,20251110_152807_planta_1.jpg,47,0
20251110_152817_planta_0,20251110_152817_planta_0.jpg,19,0
20251110_152817_planta_3,20251110_152817_planta_3.jpg,225,1
20251110_152821_planta_0,20251110_152821_planta_0.jpg,249,1
20251110_152821_planta_1,20251110_152821_planta_1.jpg,225,1
20251110_152822_planta_0,20251110_152822_planta_0.jpg,249,1
20251110_152822_planta_1,20251110_152822_planta_1.jpg,178,0
20251110_152822_planta_2,20251110_152822_planta_2.jpg,274,1
20251110_152825_planta_1,20251110_152825_planta_1.jpg,8,0
20251110_152825_planta_2,20251110_152825_planta_2.jpg,249,1
20251110_152828_planta_0,20251110_152828_planta_0.jpg,171,0
20251110_152828_planta_1,20251110_152828_planta_1.jpg,179,0
20251110_152828_planta_2,20251110_152828_planta_2.jpg,179,0
20251110_152831_planta_0,20251110_152831_planta_0.jpg,141,0
20251110_152831_planta_1,20251110_152831_planta_1.jpg,178,0
20251110_152831_planta_2,20251110_152831_planta_2.jpg,141,0
20251110_152831_planta_3,20251110_152831_planta_3.jpg,299,2
20251110_152834_planta_2,20251110_152834_planta_2.jpg,241,1
20251110_152834_planta_3,20251110_152834_planta_3.jpg,141,0
20251110_152834_planta_4,20251110_152834_planta_4.jpg,170,0
20251110_152834_planta_5,20251110_152834_planta_5.jpg,172,0
20251110_152834_planta_6,20251110_152834_planta_6.jpg,238,1
20251110_152834_planta_7,20251110_152834_planta_7.jpg,256,1
20251110_152834_planta_8,20251110_152834_planta_8.jpg,256,1
20251110_152836_planta_0,20251110_152836_planta_0.jpg,241,1
20251110_152836_planta_1,20251110_152836_planta_1.jpg,47,0
20251110_152836_planta_2,20251110_152836_planta_2.jpg,249,1
20251110_152836_planta_3,20251110_152836_planta_3.jpg,201,0
20251110_152850_planta_0,20251110_152850_planta_0.jpg,178,0
20251110_152850_planta_1,20251110_152850_planta_1.jpg,296,2
20251110_152850_planta_10,20251110_152850_planta_10.jpg,246,1
20251110_152850_planta_11,20251110_152850_planta_11.jpg,178,0
20251110_152850_planta_12,20251110_152850_planta_12.jpg,187,0
20251110_152850_planta_13,20251110_152850_planta_13.jpg,199,0
20251110_152850_planta_14,20251110_152850_planta_14.jpg,301,2
20251110_152850_planta_15,20251110_152850_planta_15.jpg,313,3
20251110_152850_planta_16,20251110_152850_planta_16.jpg,246,1
20251110_152850_planta_17,20251110_152850_planta_17.jpg,158,0
20251110_152850_planta_2,20251110_152850_planta_2.jpg,19,0
20251110_152850_planta_3,20251110_152850_planta_3.jpg,186,0
20251110_152850_planta_4,20251110_152850_planta_4.jpg,169,0
20251110_152850_planta_5,20251110_152850_planta_5.jpg,201,0
20251110_152850_planta_6,20251110_152850_planta_6.jpg,301,2
20251110_152850_planta_7,20251110_152850_planta_7.jpg,187,0
20251110_152850_planta_8,20251110_152850_planta_8.jpg,199,0
20251110_152850_planta_9,20251110_152850_planta_9.jpg,158,0
20251110_152853_planta_0,20251110_152853_planta_0.jpg,199,0
20251110_152853_planta_1,20251110_152853_planta_1.jpg,158,0
20251110_152853_planta_10,20251110_152853_planta_10.jpg,296,2
20251110_152853_planta_11,20251110_152853_planta_11.jpg,257,1
20251110_152853_planta_12,20251110_152853_planta_12.jpg,156,0
20251110_152853_planta_13,20251110_152853_planta_13.jpg,169,0
20251110_152853_planta_14,20251110_152853_planta_14.jpg,259,1
20251110_152853_planta_15,20251110_152853_planta_15.jpg,201,0
20251110_152853_planta_16,20251110_152853_planta_16.jpg,187,0
20251110_152853_planta_2,20251110_152853_planta_2.jpg,187,0
20251110_152853_planta_3,20251110_152853_planta_3.jpg,238,1
20251110_152853_planta_4,20251110_152853_planta_4.jpg,200,0
20251110_152853_planta_6,20251110_152853_planta_6.jpg,156,0
20251110_152853_planta_7,20251110_152853_planta_7.jpg,201,0
20251110_152853_planta_8,20251110_152853_planta_8.jpg,201,0
20251110_152853_planta_9,20251110_152853_planta_9.jpg,265,1
20251110_152857_planta_0,20251110_152857_planta_0.jpg,300,2
20251110_152857_planta_1,20251110_152857_planta_1.jpg,91,0
20251110_152857_planta_2,20251110_152857_planta_2.jpg,201,0
20251110_152857_planta_3,20251110_152857_planta_3.jpg,296,2
20251110_152857_planta_4,20251110_152857_planta_4.jpg,266,1
20251110_152857_planta_5,20251110_152857_planta_5.jpg,201,0
20251110_152857_planta_6,20251110_152857_planta_6.jpg,265,1
20251110_152857_planta_7,20251110_152857_planta_7.jpg,178,0
20251110_152857_planta_8,20251110_152857_planta_8.jpg,191,0
20251110_152857_planta_9,20251110_152857_planta_9.jpg,296,2
20251110_152901_planta_0,20251110_152901_planta_0.jpg,172,0
20251110_152901_planta_1,20251110_152901_planta_1.jpg,178,0
20251110_152901_planta_2,20251110_152901_planta_2.jpg,201,0
20251110_152901_planta_3,20251110_152901_planta_3.jpg,201,0
20251110_152901_planta_4,20251110_152901_planta_4.jpg,313,3
20251110_152901_planta_5,20251110_152901_planta_5.jpg,21,0
20251110_152905_planta_0,20251110_152905_planta_0.jpg,265,1
20251110_152905_planta_1,20251110_152905_planta_1.jpg,266,1
20251110_152905_planta_2,20251110_152905_planta_2.jpg,200,0
20251110_152905_planta_3,20251110_152905_planta_3.jpg,249,1
20251110_152905_planta_4,20251110_152905_planta_4.jpg,182,0
20251110_152908_planta_0,20251110_152908_planta_0.jpg,178,0
20251110_152908_planta_1,20251110_152908_planta_1.jpg,187,0
20251110_152908_planta_2,20251110_152908_planta_2.jpg,177,0
20251110_152918_planta_0,20251110_152918_planta_0.jpg,125,0
20251110_152918_planta_1,20251110_152918_planta_1.jpg,179,0
20251110_152922_planta_0,20251110_152922_planta_0.jpg,178,0
20251110_152926_planta_1,20251110_152926_planta_1.jpg,19,0
20251110_152926_planta_2,20251110_152926_planta_2.jpg,190,0
20251110_152926_planta_6,20251110_152926_planta_6.jpg,19,0
20251110_152926_planta_8,20251110_152926_planta_8.jpg,225,1
20251110_152926_planta_9,20251110_152926_planta_9.jpg,224,1
20251110_152928_planta_2,20251110_152928_planta_2.jpg,19,0
20251110_152932_planta_0,20251110_152932_planta_0.jpg,190,0
20251110_152932_planta_1,20251110_152932_planta_1.jpg,225,1
20251110_152932_planta_2,20251110_152932_planta_2.jpg,19,0
20251110_152937_planta_0,20251110_152937_planta_0.jpg,21,0
20251110_152937_planta_3,20251110_152937_planta_3.jpg,314,3
20251110_152937_planta_4,20251110_152937_planta_4.jpg,62,0
20251110_152937_planta_5,20251110_152937_planta_5.jpg,143,0
20251110_152943_planta_0,20251110_152943_planta_0.jpg,286,1
20251110_152943_planta_1,20251110_152943_planta_1.jpg,216,1
20251110_152943_planta_2,20251110_152943_planta_2.jpg,295,2
20251110_152943_planta_3,20251110_152943_planta_3.jpg,167,0
20251110_152943_planta_4,20251110_152943_planta_4.jpg,167,0
20251110_152959_planta_0,20251110_152959_planta_0.jpg,301,2
20251110_153005_planta_0,20251110_153005_planta_0.jpg,301,2
20251110_153005_planta_1,20251110_153005_planta_1.jpg,21,0
20251110_153005_planta_2,20251110_153005_planta_2.jpg,21,0
20251110_153005_planta_4,20251110_153005_planta_4.jpg,21,0
20251110_153005_planta_5,20251110_153005_planta_5.jpg,249,1
20251110_153005_planta_6,20251110_153005_planta_6.jpg,179,0
20251110_153005_planta_7,20251110_153005_planta_7.jpg,21,0
20251110_153005_planta_8,20251110_153005_planta_8.jpg,21,0
20251110_153005_planta_9,20251110_153005_planta_9.jpg,64,0
20251110_153017_planta_0,20251110_153017_planta_0.jpg,49,0
20251110_153017_planta_2,20251110_153017_planta_2.jpg,249,1
20251110_153017_planta_3,20251110_153017_planta_3.jpg,21,0
20251110_153024_planta_0,20251110_153024_planta_0.jpg,217,1
20251110_153028_planta_0,20251110_153028_planta_0.jpg,146,0
20251110_153030_planta_0,20251110_153030_planta_0.jpg,61,0
20251110_153033_planta_0,20251110_153033_planta_0.jpg,271,1
20251110_153033_planta_1,20251110_153033_planta_1.jpg,271,1
20251110_153033_planta_2,20251110_153033_planta_2.jpg,271,1
20251110_153041_planta_1,20251110_153041_planta_1.jpg,21,0
20251110_153041_planta_2,20251110_153041_planta_2.jpg,249,1
20251110_153041_planta_3,20251110_153041_planta_3.jpg,47,0
20251110_153054_planta_1,20251110_153054_planta_1.jpg,61,0
20251110_153054_planta_3,20251110_153054_planta_3.jpg,249,1
20251110_153054_planta_4,20251110_153054_planta_4.jpg,249,1
20251110_153054_planta_5,20251110_153054_planta_5.jpg,249,1
20251110_153054_planta_6,20251110_153054_planta_6.jpg,21,0
20251110_153105_planta_0,20251110_153105_planta_0.jpg,62,0
20251110_153105_planta_2,20251110_153105_planta_2.jpg,126,0
20251110_153105_planta_3,20251110_153105_planta_3.jpg,62,0
20251110_153105_planta_4,20251110_153105_planta_4.jpg,139,0
20251110_153108_planta_0,20251110_153108_planta_0.jpg,262,1
20251110_153117_planta_0,20251110_153117_planta_0.jpg,259,1
20251110_153117_planta_1,20251110_153117_planta_1.jpg,142,0
20251110_153117_planta_2,20251110_153117_planta_2.jpg,144,0
20251110_153117_planta_3,20251110_153117_planta_3.jpg,180,0
20251110_153117_planta_4,20251110_153117_planta_4.jpg,133,0
20251110_153117_planta_5,20251110_153117_planta_5.jpg,144,0
20251110_153117_planta_6,20251110_153117_planta_6.jpg,134,0
20251110_153117_planta_7,20251110_153117_planta_7.jpg,299,2
20251110_153121_planta_0,20251110_153121_planta_0.jpg,258,1
20251110_153121_planta_1,20251110_153121_planta_1.jpg,152,0
20251110_153121_planta_2,20251110_153121_planta_2.jpg,134,0
20251110_153121_planta_3,20251110_153121_planta_3.jpg,153,0
20251110_153121_planta_4,20251110_153121_planta_4.jpg,153,0
20251110_153121_planta_5,20251110_153121_planta_5.jpg,134,0
20251110_153121_planta_6,20251110_153121_planta_6.jpg,244,1
20251110_153123_planta_0,20251110_153123_planta_0.jpg,120,0
20251110_153123_planta_1,20251110_153123_planta_1.jpg,244,1
20251110_153123_planta_3,20251110_153123_planta_3.jpg,152,0
20251110_153123_planta_4,20251110_153123_planta_4.jpg,21,0
20251110_153123_planta_5,20251110_153123_planta_5.jpg,21,0
20251110_153123_planta_6,20251110_153123_planta_6.jpg,21,0
20251110_153123_planta_7,20251110_153123_planta_7.jpg,249,1
20251110_153123_planta_8,20251110_153123_planta_8.jpg,51,0
20251110_153126_planta_0,20251110_153126_planta_0.jpg,267,1
20251110_153126_planta_2,20251110_153126_planta_2.jpg,152,0
20251110_153129_planta_1,20251110_153129_planta_1.jpg,245,1
20251110_153132_planta_0,20251110_153132_planta_0.jpg,144,0
20251110_153132_planta_1,20251110_153132_planta_1.jpg,47,0
20251110_153132_planta_2,20251110_153132_planta_2.jpg,21,0
20251110_153132_planta_3,20251110_153132_planta_3.jpg,47,0
20251110_153136_planta_0,20251110_153136_planta_0.jpg,143,0
20251110_153136_planta_1,20251110_153136_planta_1.jpg,156,0
20251110_153146_planta_0,20251110_153146_planta_0.jpg,21,0
20251110_153146_planta_1,20251110_153146_planta_1.jpg,295,2
20251110_153148_planta_0,20251110_153148_planta_0.jpg,21,0
20251110_153148_planta_1,20251110_153148_planta_1.jpg,64,0
20251110_153148_planta_2,20251110_153148_planta_2.jpg,21,0
20251110_153153_planta_0,20251110_153153_planta_0.jpg,140,0
20251110_153153_planta_1,20251110_153153_planta_1.jpg,140,0
20251110_153153_planta_10,20251110_153153_planta_10.jpg,140,0
20251110_153153_planta_11,20251110_153153_planta_11.jpg,140,0
20251110_153153_planta_2,20251110_153153_planta_2.jpg,140,0
20251110_153153_planta_3,20251110_153153_planta_3.jpg,140,0
20251110_153153_planta_4,20251110_153153_planta_4.jpg,240,1
20251110_153153_planta_5,20251110_153153_planta_5.jpg,142,0
20251110_153153_planta_6,20251110_153153_planta_6.jpg,140,0
20251110_153153_planta_7,20251110_153153_planta_7.jpg,140,0
20251110_153153_planta_8,20251110_153153_planta_8.jpg,140,0
20251110_153153_planta_9,20251110_153153_planta_9.jpg,140,0
20251110_153204_planta_1,20251110_153204_planta_1.jpg,168,0
20251110_153204_planta_10,20251110_153204_planta_10.jpg,188,0
20251110_153204_planta_11,20251110_153204_planta_11.jpg,168,0
20251110_153204_planta_12,20251110_153204_planta_12.jpg,168,0
20251110_153204_planta_13,20251110_153204_planta_13.jpg,147,0
20251110_153204_planta_14,20251110_153204_planta_14.jpg,179,0
20251110_153204_planta_15,20251110_153204_planta_15.jpg,274,1
20251110_153204_planta_16,20251110_153204_planta_16.jpg,274,1
20251110_153204_planta_2,20251110_153204_planta_2.jpg,150,0
20251110_153204_planta_4,20251110_153204_planta_4.jpg,189,0
20251110_153204_planta_5,20251110_153204_planta_5.jpg,273,1
20251110_153204_planta_6,20251110_153204_planta_6.jpg,274,1
20251110_153204_planta_7,20251110_153204_planta_7.jpg,126,0
20251110_153204_planta_8,20251110_153204_planta_8.jpg,167,0
20251110_153204_planta_9,20251110_153204_planta_9.jpg,150,0
20251110_153208_planta_1,20251110_153208_planta_1.jpg,8,0
20251110_153208_planta_2,20251110_153208_planta_2.jpg,262,1
20251110_153218_planta_0,20251110_153218_planta_0.jpg,224,1
20251110_153218_planta_2,20251110_153218_planta_2.jpg,241,1
20251110_153218_planta_3,20251110_153218_planta_3.jpg,147,0
20251110_153227_planta_0,20251110_153227_planta_0.jpg,271,1
20251110_153227_planta_2,20251110_153227_planta_2.jpg,245,1
20251110_153227_planta_3,20251110_153227_planta_3.jpg,271,1
20251110_153227_planta_4,20251110_153227_planta_4.jpg,271,1
20251110_153227_planta_5,20251110_153227_planta_5.jpg,191,0
20251110_153235_planta_0,20251110_153235_planta_0.jpg,256,1
20251110_153235_planta_1,20251110_153235_planta_1.jpg,313,3
20251110_153235_planta_2,20251110_153235_planta_2.jpg,238,1
20251110_153235_planta_3,20251110_153235_planta_3.jpg,257,1
20251110_153235_planta_4,20251110_153235_planta_4.jpg,301,2
20251110_153235_planta_5,20251110_153235_planta_5.jpg,91,0
20251110_153235_planta_6,20251110_153235_planta_6.jpg,300,2
20251110_153235_planta_7,20251110_153235_planta_7.jpg,301,2
20251110_153235_planta_8,20251110_153235_planta_8.jpg,182,0
20251110_153242_planta_0,20251110_153242_planta_0.jpg,169,0
20251110_153242_planta_1,20251110_153242_planta_1.jpg,178,0
20251110_153242_planta_2,20251110_153242_planta_2.jpg,164,0
20251110_153242_planta_3,20251110_153242_planta_3.jpg,200,0
20251110_153242_planta_4,20251110_153242_planta_4.jpg,191,0
20251110_153242_planta_5,20251110_153242_planta_5.jpg,172,0
20251110_153242_planta_6,20251110_153242_planta_6.jpg,164,0
20251110_153242_planta_7,20251110_153242_planta_7.jpg,266,1
20251110_153242_planta_8,20251110_153242_planta_8.jpg,238,1
20251110_153249_planta_0,20251110_153249_planta_0.jpg,119,0
20251110_153249_planta_10,20251110_153249_planta_10.jpg,305,2
20251110_153249_planta_11,20251110_153249_planta_11.jpg,44,0
20251110_153249_planta_12,20251110_153249_planta_12.jpg,119,0
20251110_153249_planta_2,20251110_153249_planta_2.jpg,258,1
20251110_153249_planta_3,20251110_153249_planta_3.jpg,163,0
20251110_153249_planta_4,20251110_153249_planta_4.jpg,259,1
20251110_153249_planta_5,20251110_153249_planta_5.jpg,304,2
20251110_153249_planta_6,20251110_153249_planta_6.jpg,144,0
20251110_153249_planta_7,20251110_153249_planta_7.jpg,164,0
20251110_153249_planta_8,20251110_153249_planta_8.jpg,238,1
20251110_153249_planta_9,20251110_153249_planta_9.jpg,304,2
20251110_153252_planta_1,20251110_153252_planta_1.jpg,304,2
20251110_153252_planta_10,20251110_153252_planta_10.jpg,167,0
20251110_153252_planta_2,20251110_153252_planta_2.jpg,171,0
20251110_153252_planta_3,20251110_153252_planta_3.jpg,302,2
20251110_153252_planta_4,20251110_153252_planta_4.jpg,274,1
20251110_153252_planta_5,20251110_153252_planta_5.jpg,303,2
20251110_153252_planta_6,20251110_153252_planta_6.jpg,107,0
20251110_153252_planta_7,20251110_153252_planta_7.jpg,171,0
20251110_153252_planta_8,20251110_153252_planta_8.jpg,242,1
20251110_153252_planta_9,20251110_153252_planta_9.jpg,188,0
20251110_153254_planta_0,20251110_153254_planta_0.jpg,120,0
20251110_153257_planta_0,20251110_153257_planta_0.jpg,119,0
20251110_153257_planta_1,20251110_153257_planta_1.jpg,119,0
20251110_153257_planta_2,20251110_153257_planta_2.jpg,314,3
20251110_153257_planta_3,20251110_153257_planta_3.jpg,119,0
20251110_153257_planta_4,20251110_153257_planta_4.jpg,64,0
20251110_153302_planta_0,20251110_153302_planta_0.jpg,224,1
20251110_153302_planta_1,20251110_153302_planta_1.jpg,230,1
20251110_153302_planta_2,20251110_153302_planta_2.jpg,64,0
20251110_153302_planta_3,20251110_153302_planta_3.jpg,64,0
20251110_153305_planta_0,20251110_153305_planta_0.jpg,164,0
20251110_153305_planta_1,20251110_153305_planta_1.jpg,180,0
20251110_153305_planta_10,20251110_153305_planta_10.jpg,144,0
20251110_153305_planta_11,20251110_153305_planta_11.jpg,258,1
20251110_153305_planta_12,20251110_153305_planta_12.jpg,164,0
20251110_153305_planta_13,20251110_153305_planta_13.jpg,259,1
20251110_153305_planta_14,20251110_153305_planta_14.jpg,164,0
20251110_153305_planta_15,20251110_153305_planta_15.jpg,44,0
20251110_153305_planta_16,20251110_153305_planta_16.jpg,268,1
20251110_153305_planta_17,20251110_153305_planta_17.jpg,314,3
20251110_153305_planta_18,20251110_153305_planta_18.jpg,163,0
20251110_153305_planta_19,20251110_153305_planta_19.jpg,314,3
20251110_153305_planta_2,20251110_153305_planta_2.jpg,164,0
20251110_153305_planta_21,20251110_153305_planta_21.jpg,129,0
20251110_153305_planta_22,20251110_153305_planta_22.jpg,44,0
20251110_153305_planta_23,20251110_153305_planta_23.jpg,258,1
20251110_153305_planta_24,20251110_153305_planta_24.jpg,142,0
20251110_153305_planta_25,20251110_153305_planta_25.jpg,183,0
20251110_153305_planta_3,20251110_153305_planta_3.jpg,305,2
20251110_153305_planta_4,20251110_153305_planta_4.jpg,239,1
20251110_153305_planta_5,20251110_153305_planta_5.jpg,144,0
20251110_153305_planta_6,20251110_153305_planta_6.jpg,259,1
20251110_153305_planta_7,20251110_153305_planta_7.jpg,268,1
20251110_153305_planta_8,20251110_153305_planta_8.jpg,164,0
20251110_153305_planta_9,20251110_153305_planta_9.jpg,144,0
20251110_153311_planta_0,20251110_153311_planta_0.jpg,302,2
20251110_153311_planta_1,20251110_153311_planta_1.jpg,13,0
20251110_153311_planta_10,20251110_153311_planta_10.jpg,139,0
20251110_153311_planta_2,20251110_153311_planta_2.jpg,13,0
20251110_153311_planta_3,20251110_153311_planta_3.jpg,239,1
20251110_153311_planta_4,20251110_153311_planta_4.jpg,100,0
20251110_153311_planta_5,20251110_153311_planta_5.jpg,262,1
20251110_153311_planta_6,20251110_153311_planta_6.jpg,129,0
20251110_153311_planta_7,20251110_153311_planta_7.jpg,230,1
20251110_153311_planta_8,20251110_153311_planta_8.jpg,304,2
20251110_153311_planta_9,20251110_153311_planta_9.jpg,268,1
20251110_153313_planta_0,20251110_153313_planta_0.jpg,133,0
20251110_153313_planta_1,20251110_153313_planta_1.jpg,119,0
20251110_153313_planta_2,20251110_153313_planta_2.jpg,44,0
20251110_153313_planta_3,20251110_153313_planta_3.jpg,44,0
20251110_153313_planta_4,20251110_153313_planta_4.jpg,144,0
20251110_153313_planta_5,20251110_153313_planta_5.jpg,144,0
20251110_153313_planta_6,20251110_153313_planta_6.jpg,243,1
20251110_153317_planta_0,20251110_153317_planta_0.jpg,144,0
20251110_153317_planta_1,20251110_153317_planta_1.jpg,144,0
20251110_153317_planta_10,20251110_153317_planta_10.jpg,259,1
20251110_153317_planta_2,20251110_153317_planta_2.jpg,89,0
20251110_153317_planta_3,20251110_153317_planta_3.jpg,262,1
20251110_153317_planta_4,20251110_153317_planta_4.jpg,184,0
20251110_153317_planta_5,20251110_153317_planta_5.jpg,240,1
20251110_153317_planta_6,20251110_153317_planta_6.jpg,164,0
20251110_153317_planta_7,20251110_153317_planta_7.jpg,267,1
20251110_153317_planta_8,20251110_153317_planta_8.jpg,259,1
20251110_153317_planta_9,20251110_153317_planta_9.jpg,164,0
20251110_153322_planta_0,20251110_153322_planta_0.jpg,268,1
20251110_153322_planta_1,20251110_153322_planta_1.jpg,259,1
20251110_153322_planta_10,20251110_153322_planta_10.jpg,164,0
20251110_153322_planta_11,20251110_153322_planta_11.jpg,163,0
20251110_153322_planta_12,20251110_153322_planta_12.jpg,259,1
20251110_153322_planta_13,20251110_153322_planta_13.jpg,244,1
20251110_153322_planta_14,20251110_153322_planta_14.jpg,267,1
20251110_153322_planta_15,20251110_153322_planta_15.jpg,77,0
20251110_153322_planta_16,20251110_153322_planta_16.jpg,183,0
20251110_153322_planta_17,20251110_153322_planta_17.jpg,144,0
20251110_153322_planta_18,20251110_153322_planta_18.jpg,184,0
20251110_153322_planta_19,20251110_153322_planta_19.jpg,163,0
20251110_153322_planta_2,20251110_153322_planta_2.jpg,44,0
20251110_153322_planta_20,20251110_153322_planta_20.jpg,259,1
20251110_153322_planta_21,20251110_153322_planta_21.jpg,258,1
20251110_153322_planta_22,20251110_153322_planta_22.jpg,183,0
20251110_153322_planta_23,20251110_153322_planta_23.jpg,259,1
20251110_153322_planta_24,20251110_153322_planta_24.jpg,267,1
20251110_153322_planta_25,20251110_153322_planta_25.jpg,258,1
20251110_153322_planta_26,20251110_153322_planta_26.jpg,183,0
20251110_153322_planta_27,20251110_153322_planta_27.jpg,144,0
20251110_153322_planta_3,20251110_153322_planta_3.jpg,259,1
20251110_153322_planta_4,20251110_153322_planta_4.jpg,239,1
20251110_153322_planta_5,20251110_153322_planta_5.jpg,305,2
20251110_153322_planta_6,20251110_153322_planta_6.jpg,183,0
20251110_153322_planta_7,20251110_153322_planta_7.jpg,183,0
20251110_153322_planta_8,20251110_153322_planta_8.jpg,79,0
20251110_153322_planta_9,20251110_153322_planta_9.jpg,44,0
20251110_153323_planta_0,20251110_153323_planta_0.jpg,184,0
20251110_153323_planta_1,20251110_153323_planta_1.jpg,184,0
20251110_153323_planta_10,20251110_153323_planta_10.jpg,258,1
20251110_153323_planta_11,20251110_153323_planta_11.jpg,144,0
20251110_153323_planta_12,20251110_153323_planta_12.jpg,164,0
20251110_153323_planta_13,20251110_153323_planta_13.jpg,184,0
20251110_153323_planta_14,20251110_153323_planta_14.jpg,267,1
20251110_153323_planta_15,20251110_153323_planta_15.jpg,244,1
20251110_153323_planta_16,20251110_153323_planta_16.jpg,258,1
20251110_153323_planta_17,20251110_153323_planta_17.jpg,239,1
20251110_153323_planta_18,20251110_153323_planta_18.jpg,180,0
20251110_153323_planta_19,20251110_153323_planta_19.jpg,244,1
20251110_153323_planta_2,20251110_153323_planta_2.jpg,144,0
20251110_153323_planta_20,20251110_153323_planta_20.jpg,183,0
20251110_153323_planta_21,20251110_153323_planta_21.jpg,180,0
20251110_153323_planta_22,20251110_153323_planta_22.jpg,183,0
20251110_153323_planta_23,20251110_153323_planta_23.jpg,163,0
20251110_153323_planta_24,20251110_153323_planta_24.jpg,314,3
20251110_153323_planta_25,20251110_153323_planta_25.jpg,180,0
20251110_153323_planta_26,20251110_153323_planta_26.jpg,183,0
20251110_153323_planta_27,20251110_153323_planta_27.jpg,184,0
20251110_153323_planta_28,20251110_153323_planta_28.jpg,184,0
20251110_153323_planta_29,20251110_153323_planta_29.jpg,80,0
20251110_153323_planta_3,20251110_153323_planta_3.jpg,258,1
20251110_153323_planta_30,20251110_153323_planta_30.jpg,184,0
20251110_153323_planta_31,20251110_153323_planta_31.jpg,144,0
20251110_153323_planta_32,20251110_153323_planta_32.jpg,180,0
20251110_153323_planta_33,20251110_153323_planta_33.jpg,183,0
20251110_153323_planta_34,20251110_153323_planta_34.jpg,183,0
20251110_153323_planta_35,20251110_153323_planta_35.jpg,164,0
20251110_153323_planta_36,20251110_153323_planta_36.jpg,244,1
20251110_153323_planta_37,20251110_153323_planta_37.jpg,181,0
20251110_153323_planta_38,20251110_153323_planta_38.jpg,163,0
20251110_153323_planta_39,20251110_153323_planta_39.jpg,184,0
20251110_153323_planta_4,20251110_153323_planta_4.jpg,305,2
20251110_153323_planta_40,20251110_153323_planta_40.jpg,244,1
20251110_153323_planta_41,20251110_153323_planta_41.jpg,258,1
20251110_153323_planta_5,20251110_153323_planta_5.jpg,164,0
20251110_153323_planta_6,20251110_153323_planta_6.jpg,267,1
20251110_153323_planta_7,20251110_153323_planta_7.jpg,244,1
20251110_153323_planta_8,20251110_153323_planta_8.jpg,299,2
20251110_153323_planta_9,20251110_153323_planta_9.jpg,239,1
20251110_153327_planta_10,20251110_153327_planta_10.jpg,83,0
20251110_153327_planta_2,20251110_153327_planta_2.jpg,142,0
20251110_153333_planta_0,20251110_153333_planta_0.jpg,107,0
20251110_153333_planta_1,20251110_153333_planta_1.jpg,304,2
20251110_153335_planta_0,20251110_153335_planta_0.jpg,172,0
20251110_153335_planta_1,20251110_153335_planta_1.jpg,181,0
20251110_153335_planta_2,20251110_153335_planta_2.jpg,242,1
20251110_153335_planta_3,20251110_153335_planta_3.jpg,140,0
20251110_153335_planta_4,20251110_153335_planta_4.jpg,299,2
20251110_153335_planta_5,20251110_153335_planta_5.jpg,142,0
20251110_153335_planta_6,20251110_153335_planta_6.jpg,181,0
20251110_153335_planta_7,20251110_153335_planta_7.jpg,179,0
20251110_153335_planta_8,20251110_153335_planta_8.jpg,239,1
20251110_153337_planta_1,20251110_153337_planta_1.jpg,140,0
20251110_153337_planta_11,20251110_153337_planta_11.jpg,242,1
20251110_153337_planta_13,20251110_153337_planta_13.jpg,142,0
20251110_153337_planta_14,20251110_153337_planta_14.jpg,92,0
20251110_153337_planta_16,20251110_153337_planta_16.jpg,140,0
20251110_153337_planta_19,20251110_153337_planta_19.jpg,142,0
20251110_153337_planta_20,20251110_153337_planta_20.jpg,140,0
20251110_153337_planta_22,20251110_153337_planta_22.jpg,142,0
20251110_153337_planta_23,20251110_153337_planta_23.jpg,92,0
20251110_153337_planta_24,20251110_153337_planta_24.jpg,242,1
20251110_153337_planta_25,20251110_153337_planta_25.jpg,140,0
20251110_153337_planta_26,20251110_153337_planta_26.jpg,142,0
20251110_153337_planta_3,20251110_153337_planta_3.jpg,142,0
20251110_153337_planta_4,20251110_153337_planta_4.jpg,140,0
20251110_153337_planta_5,20251110_153337_planta_5.jpg,142,0
20251110_153337_planta_7,20251110_153337_planta_7.jpg,92,0
20251110_153337_planta_9,20251110_153337_planta_9.jpg,142,0
20251110_153340_planta_0,20251110_153340_planta_0.jpg,61,0
20251110_153340_planta_1,20251110_153340_planta_1.jpg,304,2
20251110_153343_planta_0,20251110_153343_planta_0.jpg,170,0
20251110_153343_planta_1,20251110_153343_planta_1.jpg,12,0
20251110_153343_planta_2,20251110_153343_planta_2.jpg,181,0
20251110_153343_planta_3,20251110_153343_planta_3.jpg,299,2
20251110_153343_planta_4,20251110_153343_planta_4.jpg,77,0
20251110_153346_planta_10,20251110_153346_planta_10.jpg,242,1
20251110_153348_planta_0,20251110_153348_planta_0.jpg,158,0
20251110_153348_planta_7,20251110_153348_planta_7.jpg,178,0
20251110_153348_planta_8,20251110_153348_planta_8.jpg,224,1
20251110_153353_planta_0,20251110_153353_planta_0.jpg,140,0
20251110_153353_planta_1,20251110_153353_planta_1.jpg,178,0
20251110_153353_planta_10,20251110_153353_planta_10.jpg,140,0
20251110_153353_planta_11,20251110_153353_planta_11.jpg,240,1
20251110_153353_planta_12,20251110_153353_planta_12.jpg,142,0
20251110_153353_planta_13,20251110_153353_planta_13.jpg,140,0
20251110_153353_planta_14,20251110_153353_planta_14.jpg,142,0
20251110_153353_planta_3,20251110_153353_planta_3.jpg,142,0
20251110_153353_planta_5,20251110_153353_planta_5.jpg,142,0
20251110_153353_planta_6,20251110_153353_planta_6.jpg,240,1
20251110_153353_planta_7,20251110_153353_planta_7.jpg,142,0
20251110_153353_planta_8,20251110_153353_planta_8.jpg,142,0
20251110_153353_planta_9,20251110_153353_planta_9.jpg,140,0
20251110_153400_planta_0,20251110_153400_planta_0.jpg,167,0
20251110_153400_planta_1,20251110_153400_planta_1.jpg,147,0
20251110_153400_planta_2,20251110_153400_planta_2.jpg,315,3
20251110_153400_planta_3,20251110_153400_planta_3.jpg,167,0
20251110_153400_planta_4,20251110_153400_planta_4.jpg,167,0
20251110_153400_planta_5,20251110_153400_planta_5.jpg,171,0
20251110_153400_planta_6,20251110_153400_planta_6.jpg,241,1
20251110_153404_planta_0,20251110_153404_planta_0.jpg,125,0
20251110_153404_planta_10,20251110_153404_planta_10.jpg,168,0
20251110_153404_planta_11,20251110_153404_planta_11.jpg,92,0
20251110_153404_planta_12,20251110_153404_planta_12.jpg,147,0
20251110_153404_planta_2,20251110_153404_planta_2.jpg,158,0
20251110_153404_planta_3,20251110_153404_planta_3.jpg,168,0
20251110_153404_planta_4,20251110_153404_planta_4.jpg,273,1
20251110_153404_planta_5,20251110_153404_planta_5.jpg,126,0
20251110_153404_planta_6,20251110_153404_planta_6.jpg,147,0
20251110_153404_planta_7,20251110_153404_planta_7.jpg,147,0
20251110_153404_planta_8,20251110_153404_planta_8.jpg,179,0
20251110_153404_planta_9,20251110_153404_planta_9.jpg,273,1
20251110_153416_planta_0,20251110_153416_planta_0.jpg,134,0
20251110_153416_planta_1,20251110_153416_planta_1.jpg,170,0
20251110_153416_planta_3,20251110_153416_planta_3.jpg,239,1
20251110_153416_planta_4,20251110_153416_planta_4.jpg,259,1
20251110_153416_planta_5,20251110_153416_planta_5.jpg,134,0
20251110_153416_planta_6,20251110_153416_planta_6.jpg,261,1
20251110_153416_planta_7,20251110_153416_planta_7.jpg,119,0
20251110_153416_planta_8,20251110_153416_planta_8.jpg,44,0
20251110_153416_planta_9,20251110_153416_planta_9.jpg,228,1
20251110_153419_planta_0,20251110_153419_planta_0.jpg,158,0
20251110_153419_planta_1,20251110_153419_planta_1.jpg,268,1
20251110_153419_planta_2,20251110_153419_planta_2.jpg,164,0
20251110_153419_planta_3,20251110_153419_planta_3.jpg,259,1
20251110_153419_planta_4,20251110_153419_planta_4.jpg,129,0
20251110_153419_planta_5,20251110_153419_planta_5.jpg,164,0
20251110_153419_planta_6,20251110_153419_planta_6.jpg,305,2
20251110_153422_planta_0,20251110_153422_planta_0.jpg,256,1
20251110_153422_planta_1,20251110_153422_planta_1.jpg,163,0
20251110_153422_planta_2,20251110_153422_planta_2.jpg,256,1
20251110_153422_planta_3,20251110_153422_planta_3.jpg,267,1
20251110_153422_planta_4,20251110_153422_planta_4.jpg,164,0
20251110_153422_planta_5,20251110_153422_planta_5.jpg,91,0
20251110_153422_planta_6,20251110_153422_planta_6.jpg,91,0
20251110_153424_planta_0,20251110_153424_planta_0.jpg,201,0
20251110_153424_planta_1,20251110_153424_planta_1.jpg,201,0
20251110_153424_planta_2,20251110_153424_planta_2.jpg,178,0
20251110_153424_planta_3,20251110_153424_planta_3.jpg,313,3
20251110_153424_planta_4,20251110_153424_planta_4.jpg,201,0
20251110_153424_planta_5,20251110_153424_planta_5.jpg,239,1
20251110_153424_planta_6,20251110_153424_planta_6.jpg,184,0
20251110_153426_planta_0,20251110_153426_planta_0.jpg,152,0
20251110_153426_planta_2,20251110_153426_planta_2.jpg,190,0
20251110_153426_planta_3,20251110_153426_planta_3.jpg,65,0
20251110_153426_planta_4,20251110_153426_planta_4.jpg,158,0
20251110_153431_planta_1,20251110_153431_planta_1.jpg,190,0
20251110_153431_planta_2,20251110_153431_planta_2.jpg,237,1
20251110_153435_planta_0,20251110_153435_planta_0.jpg,91,0
20251110_153435_planta_1,20251110_153435_planta_1.jpg,178,0
20251110_153435_planta_2,20251110_153435_planta_2.jpg,172,0
20251110_153435_planta_3,20251110_153435_planta_3.jpg,256,1
20251110_153435_planta_4,20251110_153435_planta_4.jpg,178,0
20251110_153443_planta_0,20251110_153443_planta_0.jpg,64,0
20251110_153443_planta_1,20251110_153443_planta_1.jpg,30,0
20251110_153453_planta_0,20251110_153453_planta_0.jpg,266,1
20251110_153453_planta_1,20251110_153453_planta_1.jpg,313,3
20251110_153453_planta_2,20251110_153453_planta_2.jpg,182,0
20251110_153453_planta_4,20251110_153453_planta_4.jpg,89,0
20251110_153453_planta_5,20251110_153453_planta_5.jpg,91,0
20251110_153453_planta_6,20251110_153453_planta_6.jpg,301,2
20251110_153457_planta_0,20251110_153457_planta_0.jpg,313,3
20251110_153457_planta_2,20251110_153457_planta_2.jpg,223,1
20251110_153457_planta_3,20251110_153457_planta_3.jpg,182,0
20251110_153457_planta_4,20251110_153457_planta_4.jpg,313,3
20251110_153457_planta_5,20251110_153457_planta_5.jpg,191,0
20251110_153457_planta_6,20251110_153457_planta_6.jpg,236,1
20251110_153457_planta_7,20251110_153457_planta_7.jpg,199,0
20251110_153457_planta_8,20251110_153457_planta_8.jpg,296,2
20251110_153457_planta_9,20251110_153457_planta_9.jpg,187,0
20251110_153503_planta_0,20251110_153503_planta_0.jpg,191,0
20251110_153503_planta_1,20251110_153503_planta_1.jpg,155,0
20251110_153503_planta_2,20251110_153503_planta_2.jpg,186,0
20251110_153503_planta_3,20251110_153503_planta_3.jpg,266,1
20251110_153503_planta_4,20251110_153503_planta_4.jpg,169,0
20251110_153503_planta_5,20251110_153503_planta_5.jpg,237,1
20251110_153503_planta_6,20251110_153503_planta_6.jpg,265,1
20251110_153503_planta_8,20251110_153503_planta_8.jpg,187,0
20251110_153506_planta_0,20251110_153506_planta_0.jpg,169,0
20251110_153506_planta_1,20251110_153506_planta_1.jpg,172,0
20251110_153506_planta_2,20251110_153506_planta_2.jpg,265,1
20251110_153506_planta_3,20251110_153506_planta_3.jpg,266,1
20251110_153506_planta_4,20251110_153506_planta_4.jpg,169,0
20251110_153510_planta_0,20251110_153510_planta_0.jpg,224,1
20251110_153510_planta_1,20251110_153510_planta_1.jpg,190,0
20251110_153510_planta_2,20251110_153510_planta_2.jpg,224,1
20251110_153510_planta_3,20251110_153510_planta_3.jpg,187,0
20251110_153510_planta_4,20251110_153510_planta_4.jpg,190,0
20251110_153510_planta_5,20251110_153510_planta_5.jpg,224,1
20251110_153510_planta_6,20251110_153510_planta_6.jpg,301,2
20251110_153510_planta_8,20251110_153510_planta_8.jpg,190,0
20251110_153513_planta_0,20251110_153513_planta_0.jpg,129,0
20251110_153513_planta_1,20251110_153513_planta_1.jpg,87,0
20251110_153513_planta_2,20251110_153513_planta_2.jpg,182,0
20251110_153518_planta_0,20251110_153518_planta_0.jpg,177,0
20251110_153518_planta_2,20251110_153518_planta_2.jpg,143,0
20251110_153518_planta_3,20251110_153518_planta_3.jpg,186,0
20251110_153518_planta_4,20251110_153518_planta_4.jpg,12,0
20251110_153523_planta_0,20251110_153523_planta_0.jpg,141,0
20251110_153523_planta_1,20251110_153523_planta_1.jpg,143,0
20251110_153523_planta_2,20251110_153523_planta_2.jpg,13,0
20251110_153535_planta_0,20251110_153535_planta_0.jpg,62,0
20251110_153535_planta_1,20251110_153535_planta_1.jpg,61,0
20251110_153535_planta_2,20251110_153535_planta_2.jpg,61,0
20251110_153535_planta_3,20251110_153535_planta_3.jpg,62,0
20251110_153535_planta_4,20251110_153535_planta_4.jpg,62,0
20251110_153547_planta_0,20251110_153547_planta_0.jpg,87,0
20251110_153547_planta_1,20251110_153547_planta_1.jpg,64,0
20251110_153552_planta_0,20251110_153552_planta_0.jpg,262,1
20251110_153555_planta_0,20251110_153555_planta_0.jpg,64,0
20251110_153557_planta_0,20251110_153557_planta_0.jpg,64,0
20251110_153557_planta_1,20251110_153557_planta_1.jpg,262,1
20251110_153612_planta_0,20251110_153612_planta_0.jpg,63,0
20251110_153612_planta_1,20251110_153612_planta_1.jpg,262,1
20251110_153636_planta_0,20251110_153636_planta_0.jpg,220,1
20251110_153636_planta_1,20251110_153636_planta_1.jpg,9,0
20251110_153644_planta_0,20251110_153644_planta_0.jpg,315,3
20251110_153703_planta_0,20251110_153703_planta_0.jpg,234,1
20251110_153703_planta_1,20251110_153703_planta_1.jpg,79,0
20251110_153703_planta_2,20251110_153703_planta_2.jpg,-1,-1
20251110_153703_planta_3,20251110_153703_planta_3.jpg,66,0
20251110_153703_planta_4,20251110_153703_planta_4.jpg,89,0
20251110_153703_planta_5,20251110_153703_planta_5.jpg,50,0
20251110_153703_planta_6,20251110_153703_planta_6.jpg,234,1
20251110_153922_planta_0,20251110_153922_planta_0.jpg,49,0
20251110_154029_planta_0,20251110_154029_planta_0.jpg,50,0
20251110_154029_planta_1,20251110_154029_planta_1.jpg,50,0
20251110_154029_planta_2,20251110_154029_planta_2.jpg,50,0
20251110_154040_planta_0,20251110_154040_planta_0.jpg,64,0
IMG_20220501_154431_planta_1,IMG_20220501_154431_planta_1.jpg,113,0
IMG_20220501_154431_planta_2,IMG_20220501_154431_planta_2.jpg,113,0
IMG_20220501_154519_planta_2,IMG_20220501_154519_planta_2.jpg,113,0
IMG_20220501_154526_planta_0,IMG_20220501_154526_planta_0.jpg,113,0
IMG_20220501_154548_planta_0,IMG_20220501_154548_planta_0.jpg,113,0
IMG_20220501_154548_planta_1,IMG_20220501_154548_planta_1.jpg,113,0
IMG_20220501_154548_planta_2,IMG_20220501_154548_planta_2.jpg,284,1
IMG_20220501_154557_planta_0,IMG_20220501_154557_planta_0.jpg,113,0
IMG_20220501_154557_planta_1,IMG_20220501_154557_planta_1.jpg,113,0
IMG_20220501_154558_planta_0,IMG_20220501_154558_planta_0.jpg,113,0
IMG_20220501_154558_planta_1,IMG_20220501_154558_planta_1.jpg,113,0
IMG_20220501_154559_planta_0,IMG_20220501_154559_planta_0.jpg,113,0
IMG_20220501_154559_planta_2,IMG_20220501_154559_planta_2.jpg,113,0
IMG_20220501_154628_planta_0,IMG_20220501_154628_planta_0.jpg,115,0
IMG_20220501_154632_planta_0,IMG_20220501_154632_planta_0.jpg,115,0
IMG_20220501_154655_planta_0,IMG_20220501_154655_planta_0.jpg,115,0
IMG_20220501_155241_planta_1,IMG_20220501_155241_planta_1.jpg,284,1
IMG_20220501_155519_planta_1,IMG_20220501_155519_planta_1.jpg,84,0
IMG_20220501_155523_planta_2,IMG_20220501_155523_planta_2.jpg,84,0
IMG_20220501_155559_planta_0,IMG_20220501_155559_planta_0.jpg,84,0
IMG_20220501_155559_planta_2,IMG_20220501_155559_planta_2.jpg,117,0
IMG_20220501_155604_planta_0,IMG_20220501_155604_planta_0.jpg,117,0
IMG_20220501_155604_planta_1,IMG_20220501_155604_planta_1.jpg,84,0
IMG_20220501_155604_planta_2,IMG_20220501_155604_planta_2.jpg,203,0
IMG_20220501_155612_planta_1,IMG_20220501_155612_planta_1.jpg,84,0
IMG_20220501_155612_planta_2,IMG_20220501_155612_planta_2.jpg,84,0
IMG_20220501_155617_planta_2,IMG_20220501_155617_planta_2.jpg,84,0
IMG_20220501_155618_planta_0,IMG_20220501_155618_planta_0.jpg,84,0
IMG_20220501_155618_planta_1,IMG_20220501_155618_planta_1.jpg,84,0
IMG_20220501_155630_planta_1,IMG_20220501_155630_planta_1.jpg,84,0
IMG_20220501_155632_planta_0,IMG_20220501_155632_planta_0.jpg,84,0
IMG_20220501_155716_planta_1,IMG_20220501_155716_planta_1.jpg,84,0
IMG_20220501_155753_planta_0,IMG_20220501_155753_planta_0.jpg,84,0
IMG_20220501_155803_planta_0,IMG_20220501_155803_planta_0.jpg,84,0
IMG_20220501_155803_planta_1,IMG_20220501_155803_planta_1.jpg,84,0
IMG_20220501_155820_planta_0,IMG_20220501_155820_planta_0.jpg,84,0
IMG_20220501_155821_planta_0,IMG_20220501_155821_planta_0.jpg,84,0
IMG_20220501_155941_planta_0,IMG_20220501_155941_planta_0.jpg,175,0
IMG_20220501_155945_planta_0,IMG_20220501_155945_planta_0.jpg,175,0
IMG_20220501_160041_planta_0,IMG_20220501_160041_planta_0.jpg,84,0
IMG_20220501_160420_planta_1,IMG_20220501_160420_planta_1.jpg,117,0
IMG_20220501_160420_planta_2,IMG_20220501_160420_planta_2.jpg,117,0
IMG_20220501_160420_planta_3,IMG_20220501_160420_planta_3.jpg,281,1
IMG_20220501_160420_planta_4,IMG_20220501_160420_planta_4.jpg,115,0
IMG_20220501_160423_planta_1,IMG_20220501_160423_planta_1.jpg,115,0
IMG_20220501_160423_planta_2,IMG_20220501_160423_planta_2.jpg,117,0
IMG_20220501_160423_planta_3,IMG_20220501_160423_planta_3.jpg,117,0
IMG_20220501_160433_planta_0,IMG_20220501_160433_planta_0.jpg,117,0
IMG_20220501_160433_planta_2,IMG_20220501_160433_planta_2.jpg,127,0
IMG_20220501_160517_planta_0,IMG_20220501_160517_planta_0.jpg,115,0
IMG_20220501_160517_planta_2,IMG_20220501_160517_planta_2.jpg,117,0
IMG_20220501_160525_planta_0,IMG_20220501_160525_planta_0.jpg,311,2
IMG_20220501_160525_planta_1,IMG_20220501_160525_planta_1.jpg,117,0
IMG_20220501_160525_planta_2,IMG_20220501_160525_planta_2.jpg,115,0
IMG_20220501_160525_planta_3,IMG_20220501_160525_planta_3.jpg,117,0
IMG_20220501_160534_planta_0,IMG_20220501_160534_planta_0.jpg,115,0
IMG_20220501_160607_planta_0,IMG_20220501_160607_planta_0.jpg,117,0
IMG_20220501_160607_planta_2,IMG_20220501_160607_planta_2.jpg,115,0
IMG_20220501_160607_planta_3,IMG_20220501_160607_planta_3.jpg,115,0
IMG_20220501_160607_planta_6,IMG_20220501_160607_planta_6.jpg,117,0
IMG_20220501_160611_planta_1,IMG_20220501_160611_planta_1.jpg,115,0
IMG_20220501_160611_planta_2,IMG_20220501_160611_planta_2.jpg,93,0
IMG_20220501_160611_planta_3,IMG_20220501_160611_planta_3.jpg,115,0
IMG_20220501_160611_planta_4,IMG_20220501_160611_planta_4.jpg,117,0
IMG_20220501_160736_planta_0,IMG_20220501_160736_planta_0.jpg,175,0
IMG_20220501_160742_planta_0,IMG_20220501_160742_planta_0.jpg,175,0
IMG_20220501_161238_planta_1,IMG_20220501_161238_planta_1.jpg,20,0
IMG_20220501_161238_planta_2,IMG_20220501_161238_planta_2.jpg,20,0
IMG_20220501_161243_planta_1,IMG_20220501_161243_planta_1.jpg,226,1
IMG_20220501_161257_planta_1,IMG_20220501_161257_planta_1.jpg,20,0
IMG_20220501_161316_planta_0,IMG_20220501_161316_planta_0.jpg,110,0
IMG_20220501_161316_planta_1,IMG_20220501_161316_planta_1.jpg,20,0
IMG_20220501_161327_planta_1,IMG_20220501_161327_planta_1.jpg,20,0
IMG_20220501_161327_planta_2,IMG_20220501_161327_planta_2.jpg,280,1
IMG_20220501_161327_planta_3,IMG_20220501_161327_planta_3.jpg,20,0
IMG_20220501_161329_planta_0,IMG_20220501_161329_planta_0.jpg,20,0
IMG_20220501_161728_planta_0,IMG_20220501_161728_planta_0.jpg,4,0
IMG_20220501_161732_planta_0,IMG_20220501_161732_planta_0.jpg,4,0
IMG_20220501_161737_planta_0,IMG_20220501_161737_planta_0.jpg,4,0
IMG_20220501_161742_planta_0,IMG_20220501_161742_planta_0.jpg,4,0
IMG_20220501_161750_planta_0,IMG_20220501_161750_planta_0.jpg,4,0
IMG_20220501_161808_planta_0,IMG_20220501_161808_planta_0.jpg,4,0
IMG_20220501_161813_planta_0,IMG_20220501_161813_planta_0.jpg,4,0
IMG_20220501_162207_planta_0,IMG_20220501_162207_planta_0.jpg,250,1
IMG_20220501_162207_planta_1,IMG_20220501_162207_planta_1.jpg,65,0
IMG_20220501_162207_planta_2,IMG_20220501_162207_planta_2.jpg,65,0
IMG_20220501_162207_planta_3,IMG_20220501_162207_planta_3.jpg,65,0
IMG_20220501_162207_planta_4,IMG_20220501_162207_planta_4.jpg,73,0
IMG_20220501_162212_planta_0,IMG_20220501_162212_planta_0.jpg,110,0
IMG_20220501_162212_planta_1,IMG_20220501_162212_planta_1.jpg,74,0
IMG_20220501_162222_planta_1,IMG_20220501_162222_planta_1.jpg,74,0
IMG_20220501_162231_planta_0,IMG_20220501_162231_planta_0.jpg,73,0
IMG_20220501_162252_planta_0,IMG_20220501_162252_planta_0.jpg,73,0
IMG_20220501_162257_planta_1,IMG_20220501_162257_planta_1.jpg,73,0
IMG_20220501_162303_planta_0,IMG_20220501_162303_planta_0.jpg,73,0
IMG_20220501_162321_planta_0,IMG_20220501_162321_planta_0.jpg,74,0
IMG_20220501_162322_planta_0,IMG_20220501_162322_planta_0.jpg,74,0
IMG_20220501_162346_planta_0,IMG_20220501_162346_planta_0.jpg,74,0
IMG_20220501_162404_planta_0,IMG_20220501_162404_planta_0.jpg,33,0
IMG_20220501_162414_planta_0,IMG_20220501_162414_planta_0.jpg,33,0
IMG_20220501_162451_planta_0,IMG_20220501_162451_planta_0.jpg,33,0
IMG_20220501_162514_planta_0,IMG_20220501_162514_planta_0.jpg,73,0
IMG_20220501_162526_planta_0,IMG_20220501_162526_planta_0.jpg,51,0
IMG_20220501_162553_planta_0,IMG_20220501_162553_planta_0.jpg,222,1
IMG_20220501_162604_planta_0,IMG_20220501_162604_planta_0.jpg,74,0
IMG_20220501_162631_planta_0,IMG_20220501_162631_planta_0.jpg,33,0
IMG_20220501_162739_planta_0,IMG_20220501_162739_planta_0.jpg,33,0
IMG_20220501_162742_planta_0,IMG_20220501_162742_planta_0.jpg,33,0
IMG_20220501_162745_planta_0,IMG_20220501_162745_planta_0.jpg,33,0
IMG_20220501_162759_planta_0,IMG_20220501_162759_planta_0.jpg,33,0
IMG_20220501_162804_planta_0,IMG_20220501_162804_planta_0.jpg,33,0
IMG_20220501_162811_planta_0,IMG_20220501_162811_planta_0.jpg,33,0
IMG_20220501_162827_planta_0,IMG_20220501_162827_planta_0.jpg,33,0
IMG_20220501_162828_planta_0,IMG_20220501_162828_planta_0.jpg,33,0
IMG_20220501_162832_planta_0,IMG_20220501_162832_planta_0.jpg,33,0
IMG_20220501_163058_planta_1,IMG_20220501_163058_planta_1.jpg,7,0
IMG_20220501_163102_planta_0,IMG_20220501_163102_planta_0.jpg,207,0
IMG_20220501_163108_planta_0,IMG_20220501_163108_planta_0.jpg,6,0
IMG_20220501_163138_planta_0,IMG_20220501_163138_planta_0.jpg,207,0
IMG_20220501_163150_planta_0,IMG_20220501_163150_planta_0.jpg,207,0
IMG_20220501_163203_planta_0,IMG_20220501_163203_planta_0.jpg,207,0
IMG_20220501_163203_planta_1,IMG_20220501_163203_planta_1.jpg,7,0
IMG_20220501_163206_planta_0,IMG_20220501_163206_planta_0.jpg,207,0
IMG_20220501_163206_planta_1,IMG_20220501_163206_planta_1.jpg,7,0
IMG_20220501_163223_planta_0,IMG_20220501_163223_planta_0.jpg,75,0
IMG_20220501_163223_planta_1,IMG_20220501_163223_planta_1.jpg,7,0
IMG_20220501_163227_planta_0,IMG_20220501_163227_planta_0.jpg,7,0
IMG_20220501_163233_planta_0,IMG_20220501_163233_planta_0.jpg,7,0
IMG_20220501_163241_planta_0,IMG_20220501_163241_planta_0.jpg,7,0
IMG_20220501_163428_planta_0,IMG_20220501_163428_planta_0.jpg,6,0
IMG_20220501_163428_planta_1,IMG_20220501_163428_planta_1.jpg,7,0
IMG_20220501_163432_planta_0,IMG_20220501_163432_planta_0.jpg,7,0
IMG_20220501_163434_planta_0,IMG_20220501_163434_planta_0.jpg,7,0
IMG_20220501_163450_planta_0,IMG_20220501_163450_planta_0.jpg,6,0
IMG_20220501_163450_planta_2,IMG_20220501_163450_planta_2.jpg,7,0
IMG_20220501_163450_planta_3,IMG_20220501_163450_planta_3.jpg,6,0
IMG_20220501_163453_planta_2,IMG_20220501_163453_planta_2.jpg,7,0
IMG_20220501_163457_planta_1,IMG_20220501_163457_planta_1.jpg,7,0
IMG_20220501_163514_planta_0,IMG_20220501_163514_planta_0.jpg,7,0
IMG_20220501_163539_planta_0,IMG_20220501_163539_planta_0.jpg,7,0
IMG_20220501_163539_planta_1,IMG_20220501_163539_planta_1.jpg,6,0
IMG_20220501_163716_planta_0,IMG_20220501_163716_planta_0.jpg,33,0
IMG_20220501_163720_planta_0,IMG_20220501_163720_planta_0.jpg,33,0
IMG_20220501_163724_planta_0,IMG_20220501_163724_planta_0.jpg,33,0
IMG_20220501_163728_planta_0,IMG_20220501_163728_planta_0.jpg,7,0
IMG_20220501_163752_planta_0,IMG_20220501_163752_planta_0.jpg,33,0
IMG_20220501_163824_planta_0,IMG_20220501_163824_planta_0.jpg,317,3
IMG_20220501_163826_planta_0,IMG_20220501_163826_planta_0.jpg,317,3
IMG_20220501_164730_planta_0,IMG_20220501_164730_planta_0.jpg,16,0
IMG_20220501_164730_planta_1,IMG_20220501_164730_planta_1.jpg,16,0
IMG_20220501_164734_planta_1,IMG_20220501_164734_planta_1.jpg,16,0
IMG_20220501_164740_planta_0,IMG_20220501_164740_planta_0.jpg,16,0
IMG_20220501_164749_planta_0,IMG_20220501_164749_planta_0.jpg,280,1
IMG_20220501_164749_planta_1,IMG_20220501_164749_planta_1.jpg,16,0
IMG_20220501_164759_planta_0,IMG_20220501_164759_planta_0.jpg,16,0
IMG_20220501_164814_planta_0,IMG_20220501_164814_planta_0.jpg,17,0
IMG_20220501_164822_planta_0,IMG_20220501_164822_planta_0.jpg,281,1
IMG_20220501_164822_planta_1,IMG_20220501_164822_planta_1.jpg,17,0
IMG_20220501_164827_planta_0,IMG_20220501_164827_planta_0.jpg,16,0
IMG_20220501_164835_planta_1,IMG_20220501_164835_planta_1.jpg,17,0
IMG_20220501_164855_planta_0,IMG_20220501_164855_planta_0.jpg,17,0
IMG_20220501_164900_planta_0,IMG_20220501_164900_planta_0.jpg,17,0
IMG_20220501_164910_planta_1,IMG_20220501_164910_planta_1.jpg,16,0
IMG_20220501_164917_planta_0,IMG_20220501_164917_planta_0.jpg,16,0
IMG_20220501_164922_planta_0,IMG_20220501_164922_planta_0.jpg,110,0
IMG_20220501_164922_planta_1,IMG_20220501_164922_planta_1.jpg,232,1
IMG_20220501_165115_planta_0,IMG_20220501_165115_planta_0.jpg,5,0
IMG_20220501_165116_planta_0,IMG_20220501_165116_planta_0.jpg,5,0
IMG_20220501_165120_planta_0,IMG_20220501_165120_planta_0.jpg,5,0
IMG_20220501_165124_planta_0,IMG_20220501_165124_planta_0.jpg,5,0
IMG_20220501_165129_planta_0,IMG_20220501_165129_planta_0.jpg,5,0
IMG_20220501_165146_planta_0,IMG_20220501_165146_planta_0.jpg,5,0
IMG_20220501_165225_planta_0,IMG_20220501_165225_planta_0.jpg,17,0
IMG_20220501_165401_planta_0,IMG_20220501_165401_planta_0.jpg,1,0
IMG_20220501_165413_planta_2,IMG_20220501_165413_planta_2.jpg,132,0
IMG_20220501_165424_planta_1,IMG_20220501_165424_planta_1.jpg,132,0
IMG_20220501_165432_planta_0,IMG_20220501_165432_planta_0.jpg,1,0
IMG_20220501_165437_planta_1,IMG_20220501_165437_planta_1.jpg,132,0
IMG_20220501_165441_planta_1,IMG_20220501_165441_planta_1.jpg,132,0
IMG_20220501_165441_planta_2,IMG_20220501_165441_planta_2.jpg,1,0
IMG_20220501_165443_planta_1,IMG_20220501_165443_planta_1.jpg,132,0
IMG_20220501_165501_planta_0,IMG_20220501_165501_planta_0.jpg,65,0
IMG_20220501_165501_planta_1,IMG_20220501_165501_planta_1.jpg,1,0
IMG_20220501_165514_planta_0,IMG_20220501_165514_planta_0.jpg,1,0
IMG_20220501_165517_planta_1,IMG_20220501_165517_planta_1.jpg,1,0
IMG_20220501_165527_planta_0,IMG_20220501_165527_planta_0.jpg,132,0
IMG_20220501_165604_planta_1,IMG_20220501_165604_planta_1.jpg,132,0
IMG_20220501_165615_planta_1,IMG_20220501_165615_planta_1.jpg,132,0
IMG_20220501_165615_planta_2,IMG_20220501_165615_planta_2.jpg,132,0
IMG_20220501_165622_planta_0,IMG_20220501_165622_planta_0.jpg,132,0
IMG_20220501_165637_planta_0,IMG_20220501_165637_planta_0.jpg,132,0
IMG_20220501_165653_planta_0,IMG_20220501_165653_planta_0.jpg,1,0
IMG_20220501_165713_planta_0,IMG_20220501_165713_planta_0.jpg,1,0
IMG_20220501_165717_planta_0,IMG_20220501_165717_planta_0.jpg,2,0
IMG_20220501_165727_planta_0,IMG_20220501_165727_planta_0.jpg,2,0
IMG_20220501_165749_planta_0,IMG_20220501_165749_planta_0.jpg,2,0
IMG_20220501_165756_planta_0,IMG_20220501_165756_planta_0.jpg,175,0
IMG_20220501_165800_planta_0,IMG_20220501_165800_planta_0.jpg,2,0
IMG_20220501_165804_planta_0,IMG_20220501_165804_planta_0.jpg,2,0
IMG_20220501_165807_planta_0,IMG_20220501_165807_planta_0.jpg,2,0
IMG_20220501_165818_planta_0,IMG_20220501_165818_planta_0.jpg,2,0
IMG_20220501_165821_planta_0,IMG_20220501_165821_planta_0.jpg,2,0
IMG_20220501_165823_planta_0,IMG_20220501_165823_planta_0.jpg,2,0
IMG_20220501_165826_planta_0,IMG_20220501_165826_planta_0.jpg,2,0
IMG_20220501_165828_planta_0,IMG_20220501_165828_planta_0.jpg,2,0
IMG_20220501_165832_planta_0,IMG_20220501_165832_planta_0.jpg,2,0
IMG_20220501_165835_planta_0,IMG_20220501_165835_planta_0.jpg,2,0
IMG_20220501_165838_planta_0,IMG_20220501_165838_planta_0.jpg,2,0
IMG_20220501_165842_planta_0,IMG_20220501_165842_planta_0.jpg,2,0
IMG_20220501_165849_planta_0,IMG_20220501_165849_planta_0.jpg,2,0
IMG_20220501_165910_planta_0,IMG_20220501_165910_planta_0.jpg,2,0
IMG_20220501_165918_planta_0,IMG_20220501_165918_planta_0.jpg,2,0
IMG_20220501_170513_planta_1,IMG_20220501_170513_planta_1.jpg,46,0
IMG_20220501_170529_planta_0,IMG_20220501_170529_planta_0.jpg,46,0
IMG_20220501_170537_planta_0,IMG_20220501_170537_planta_0.jpg,46,0
IMG_20220501_170540_planta_1,IMG_20220501_170540_planta_1.jpg,46,0
IMG_20220501_170547_planta_3,IMG_20220501_170547_planta_3.jpg,46,0
IMG_20220501_170551_planta_0,IMG_20220501_170551_planta_0.jpg,46,0
IMG_20220501_170553_planta_0,IMG_20220501_170553_planta_0.jpg,46,0
IMG_20220501_170556_planta_0,IMG_20220501_170556_planta_0.jpg,46,0
IMG_20220501_170556_planta_1,IMG_20220501_170556_planta_1.jpg,65,0
IMG_20220501_170614_planta_0,IMG_20220501_170614_planta_0.jpg,46,0
IMG_20220501_170625_planta_0,IMG_20220501_170625_planta_0.jpg,46,0
IMG_20220501_170629_planta_1,IMG_20220501_170629_planta_1.jpg,46,0
IMG_20220501_170629_planta_2,IMG_20220501_170629_planta_2.jpg,168,0
IMG_20220501_170630_planta_0,IMG_20220501_170630_planta_0.jpg,46,0
IMG_20220501_170655_planta_0,IMG_20220501_170655_planta_0.jpg,46,0
IMG_20220501_170657_planta_0,IMG_20220501_170657_planta_0.jpg,46,0
IMG_20220501_170705_planta_0,IMG_20220501_170705_planta_0.jpg,46,0
IMG_20220501_170719_planta_0,IMG_20220501_170719_planta_0.jpg,46,0
IMG_20220501_172129_planta_1,IMG_20220501_172129_planta_1.jpg,11,0
IMG_20220501_172129_planta_2,IMG_20220501_172129_planta_2.jpg,93,0
IMG_20220501_172142_planta_0,IMG_20220501_172142_planta_0.jpg,93,0
IMG_20220501_172142_planta_1,IMG_20220501_172142_planta_1.jpg,11,0
IMG_20220501_172155_planta_0,IMG_20220501_172155_planta_0.jpg,11,0
IMG_20220501_172155_planta_1,IMG_20220501_172155_planta_1.jpg,93,0
IMG_20220501_172202_planta_1,IMG_20220501_172202_planta_1.jpg,11,0
IMG_20220501_172205_planta_0,IMG_20220501_172205_planta_0.jpg,11,0
IMG_20220501_172211_planta_0,IMG_20220501_172211_planta_0.jpg,11,0
IMG_20220501_172229_planta_1,IMG_20220501_172229_planta_1.jpg,84,0
IMG_20220501_172229_planta_2,IMG_20220501_172229_planta_2.jpg,0,0
IMG_20220501_172229_planta_3,IMG_20220501_172229_planta_3.jpg,197,0
IMG_20220501_172235_planta_0,IMG_20220501_172235_planta_0.jpg,0,0
IMG_20220501_172318_planta_1,IMG_20220501_172318_planta_1.jpg,0,0
IMG_20220501_172321_planta_0,IMG_20220501_172321_planta_0.jpg,0,0
IMG_20220501_172333_planta_0,IMG_20220501_172333_planta_0.jpg,0,0
IMG_20220501_172335_planta_0,IMG_20220501_172335_planta_0.jpg,0,0
IMG_20220501_172403_planta_0,IMG_20220501_172403_planta_0.jpg,11,0
IMG_20220501_172413_planta_0,IMG_20220501_172413_planta_0.jpg,11,0
IMG_20220501_172416_planta_0,IMG_20220501_172416_planta_0.jpg,11,0
IMG_20220501_172419_planta_0,IMG_20220501_172419_planta_0.jpg,11,0
IMG_20220501_172423_planta_0,IMG_20220501_172423_planta_0.jpg,11,0
IMG_20220501_172435_planta_0,IMG_20220501_172435_planta_0.jpg,11,0
IMG_20220501_172442_planta_0,IMG_20220501_172442_planta_0.jpg,11,0
JPEG_V2_E2_2022-04-17_14_50_122504638103110864191_planta_0,JPEG_V2_E2_2022-04-17_14_50_122504638103110864191_planta_0.jpg,57,0
JPEG_V2_E2_2022-04-17_14_51_532727016667016113170_planta_1,JPEG_V2_E2_2022-04-17_14_51_532727016667016113170_planta_1.jpg,249,1
JPEG_V2_E2_2022-04-17_14_51_532727016667016113170_planta_3,JPEG_V2_E2_2022-04-17_14_51_532727016667016113170_planta_3.jpg,45,0
JPEG_V2_E2_2022-04-17_14_51_532727016667016113170_planta_4,JPEG_V2_E2_2022-04-17_14_51_532727016667016113170_planta_4.jpg,313,3
JPEG_V2_E2_2022-04-17_14_52_396757956528889991251_planta_0,JPEG_V2_E2_2022-04-17_14_52_396757956528889991251_planta_0.jpg,211,0
JPEG_V2_E2_2022-04-17_14_53_442066300861893419035_planta_1,JPEG_V2_E2_2022-04-17_14_53_442066300861893419035_planta_1.jpg,81,0
JPEG_V2_E2_2022-04-17_14_54_524148887116884340353_planta_0,JPEG_V2_E2_2022-04-17_14_54_524148887116884340353_planta_0.jpg,51,0
JPEG_V2_E2_2022-04-17_14_54_524148887116884340353_planta_1,JPEG_V2_E2_2022-04-17_14_54_524148887116884340353_planta_1.jpg,217,1
JPEG_V2_E2_2022-04-17_14_55_075948286936742264257_planta_0,JPEG_V2_E2_2022-04-17_14_55_075948286936742264257_planta_0.jpg,239,1
JPEG_V2_E2_2022-04-17_14_55_075948286936742264257_planta_1,JPEG_V2_E2_2022-04-17_14_55_075948286936742264257_planta_1.jpg,28,0
JPEG_V2_E2_2022-04-17_14_58_091841365299830718650_planta_0,JPEG_V2_E2_2022-04-17_14_58_091841365299830718650_planta_0.jpg,295,2
JPEG_V2_E2_2022-04-17_14_58_091841365299830718650_planta_1,JPEG_V2_E2_2022-04-17_14_58_091841365299830718650_planta_1.jpg,295,2
JPEG_V2_E2_2022-04-17_14_58_217419482026510393858_planta_0,JPEG_V2_E2_2022-04-17_14_58_217419482026510393858_planta_0.jpg,109,0
JPEG_V2_E2_2022-04-17_14_58_371128508627594800854_planta_3,JPEG_V2_E2_2022-04-17_14_58_371128508627594800854_planta_3.jpg,226,1
JPEG_V2_E2_2022-04-17_14_58_59458190088532133750_planta_0,JPEG_V2_E2_2022-04-17_14_58_59458190088532133750_planta_0.jpg,112,0
JPEG_V2_E2_2022-04-17_14_58_59458190088532133750_planta_1,JPEG_V2_E2_2022-04-17_14_58_59458190088532133750_planta_1.jpg,272,1
JPEG_V2_E2_2022-04-17_14_58_59458190088532133750_planta_2,JPEG_V2_E2_2022-04-17_14_58_59458190088532133750_planta_2.jpg,60,0
JPEG_V2_E2_2022-04-17_14_58_59458190088532133750_planta_3,JPEG_V2_E2_2022-04-17_14_58_59458190088532133750_planta_3.jpg,214,0
JPEG_V2_E2_2022-04-17_14_59_248280313348291651727_planta_0,JPEG_V2_E2_2022-04-17_14_59_248280313348291651727_planta_0.jpg,75,0
JPEG_V2_E2_2022-04-17_14_59_248280313348291651727_planta_1,JPEG_V2_E2_2022-04-17_14_59_248280313348291651727_planta_1.jpg,196,0
JPEG_V2_E2_2022-04-17_15_00_023123740532413580757_planta_0,JPEG_V2_E2_2022-04-17_15_00_023123740532413580757_planta_0.jpg,52,0
JPEG_V2_E2_2022-04-17_15_00_023123740532413580757_planta_1,JPEG_V2_E2_2022-04-17_15_00_023123740532413580757_planta_1.jpg,226,1
JPEG_V2_E2_2022-04-17_15_00_184172506183479493585_planta_0,JPEG_V2_E2_2022-04-17_15_00_184172506183479493585_planta_0.jpg,28,0
JPEG_V2_E2_2022-04-17_15_00_483181527461604584241_planta_0,JPEG_V2_E2_2022-04-17_15_00_483181527461604584241_planta_0.jpg,303,2
JPEG_V2_E2_2022-04-17_15_00_483181527461604584241_planta_1,JPEG_V2_E2_2022-04-17_15_00_483181527461604584241_planta_1.jpg,75,0
JPEG_V2_E2_2022-04-17_15_00_483181527461604584241_planta_2,JPEG_V2_E2_2022-04-17_15_00_483181527461604584241_planta_2.jpg,143,0
JPEG_V2_E2_2022-04-17_15_00_483181527461604584241_planta_3,JPEG_V2_E2_2022-04-17_15_00_483181527461604584241_planta_3.jpg,45,0
JPEG_V2_E2_2022-04-17_15_01_153151686551423867765_planta_0,JPEG_V2_E2_2022-04-17_15_01_153151686551423867765_planta_0.jpg,264,1
JPEG_V2_E2_2022-04-17_15_01_449115713110950570601_planta_0,JPEG_V2_E2_2022-04-17_15_01_449115713110950570601_planta_0.jpg,10,0
JPEG_V2_E2_2022-04-17_15_03_11407436386605646383_planta_0,JPEG_V2_E2_2022-04-17_15_03_11407436386605646383_planta_0.jpg,52,0
JPEG_V2_E2_2022-04-17_15_03_361668909907542053532_planta_0,JPEG_V2_E2_2022-04-17_15_03_361668909907542053532_planta_0.jpg,231,1
JPEG_V2_E2_2022-04-17_15_05_142956869952048958502_planta_0,JPEG_V2_E2_2022-04-17_15_05_142956869952048958502_planta_0.jpg,81,0
JPEG_V2_E2_2022-04-17_15_05_367381504713831249107_planta_0,JPEG_V2_E2_2022-04-17_15_05_367381504713831249107_planta_0.jpg,215,0
JPEG_V2_E2_2022-04-17_15_06_52873986592533283372_planta_0,JPEG_V2_E2_2022-04-17_15_06_52873986592533283372_planta_0.jpg,290,2
JPEG_V2_E2_2022-04-17_15_06_52873986592533283372_planta_2,JPEG_V2_E2_2022-04-17_15_06_52873986592533283372_planta_2.jpg,35,0
JPEG_V2_E2_2022-04-17_15_06_52873986592533283372_planta_3,JPEG_V2_E2_2022-04-17_15_06_52873986592533283372_planta_3.jpg,52,0
JPEG_V2_E2_2022-04-17_15_07_287454493324412044073_planta_0,JPEG_V2_E2_2022-04-17_15_07_287454493324412044073_planta_0.jpg,159,0
JPEG_V2_E2_2022-04-17_15_08_046097104392369712483_planta_0,JPEG_V2_E2_2022-04-17_15_08_046097104392369712483_planta_0.jpg,49,0
JPEG_V2_E2_2022-04-17_15_08_046097104392369712483_planta_10,JPEG_V2_E2_2022-04-17_15_08_046097104392369712483_planta_10.jpg,49,0
JPEG_V2_E2_2022-04-17_15_08_046097104392369712483_planta_2,JPEG_V2_E2_2022-04-17_15_08_046097104392369712483_planta_2.jpg,277,1
JPEG_V2_E2_2022-04-17_15_08_046097104392369712483_planta_3,JPEG_V2_E2_2022-04-17_15_08_046097104392369712483_planta_3.jpg,52,0
JPEG_V2_E2_2022-04-17_15_08_046097104392369712483_planta_5,JPEG_V2_E2_2022-04-17_15_08_046097104392369712483_planta_5.jpg,81,0
JPEG_V2_E2_2022-04-17_15_08_046097104392369712483_planta_6,JPEG_V2_E2_2022-04-17_15_08_046097104392369712483_planta_6.jpg,81,0
JPEG_V2_E2_2022-04-17_15_08_046097104392369712483_planta_7,JPEG_V2_E2_2022-04-17_15_08_046097104392369712483_planta_7.jpg,30,0
JPEG_V2_E2_2022-04-17_15_08_046097104392369712483_planta_8,JPEG_V2_E2_2022-04-17_15_08_046097104392369712483_planta_8.jpg,216,1
JPEG_V2_E2_2022-04-17_15_08_178797667229532918571_planta_0,JPEG_V2_E2_2022-04-17_15_08_178797667229532918571_planta_0.jpg,81,0
JPEG_V2_E2_2022-04-17_15_08_498833155224928447055_planta_0,JPEG_V2_E2_2022-04-17_15_08_498833155224928447055_planta_0.jpg,135,0
JPEG_V2_E2_2022-04-17_15_08_498833155224928447055_planta_1,JPEG_V2_E2_2022-04-17_15_08_498833155224928447055_planta_1.jpg,107,0
JPEG_V2_E2_2022-04-17_15_08_498833155224928447055_planta_2,JPEG_V2_E2_2022-04-17_15_08_498833155224928447055_planta_2.jpg,306,2
JPEG_V2_E2_2022-04-17_15_08_498833155224928447055_planta_3,JPEG_V2_E2_2022-04-17_15_08_498833155224928447055_planta_3.jpg,288,1
JPEG_V2_E2_2022-04-17_15_08_498833155224928447055_planta_4,JPEG_V2_E2_2022-04-17_15_08_498833155224928447055_planta_4.jpg,124,0
JPEG_V2_E2_2022-04-17_15_08_498833155224928447055_planta_5,JPEG_V2_E2_2022-04-17_15_08_498833155224928447055_planta_5.jpg,208,0
JPEG_V2_E2_2022-04-17_15_08_498833155224928447055_planta_7,JPEG_V2_E2_2022-04-17_15_08_498833155224928447055_planta_7.jpg,14,0
JPEG_V2_E2_2022-04-17_15_08_498833155224928447055_planta_8,JPEG_V2_E2_2022-04-17_15_08_498833155224928447055_planta_8.jpg,143,0
JPEG_V2_E2_2022-04-17_15_08_498833155224928447055_planta_9,JPEG_V2_E2_2022-04-17_15_08_498833155224928447055_planta_9.jpg,203,0
JPEG_V2_E2_2022-04-17_15_09_213153740461693207130_planta_1,JPEG_V2_E2_2022-04-17_15_09_213153740461693207130_planta_1.jpg,23,0
JPEG_V2_E2_2022-04-17_15_09_213153740461693207130_planta_3,JPEG_V2_E2_2022-04-17_15_09_213153740461693207130_planta_3.jpg,23,0
JPEG_V2_E2_2022-04-17_15_09_213153740461693207130_planta_4,JPEG_V2_E2_2022-04-17_15_09_213153740461693207130_planta_4.jpg,135,0
JPEG_V2_E2_2022-04-17_15_09_213153740461693207130_planta_6,JPEG_V2_E2_2022-04-17_15_09_213153740461693207130_planta_6.jpg,249,1
JPEG_V2_E2_2022-04-17_15_09_485777440515145901161_planta_0,JPEG_V2_E2_2022-04-17_15_09_485777440515145901161_planta_0.jpg,208,0
JPEG_V2_E2_2022-04-17_15_09_485777440515145901161_planta_2,JPEG_V2_E2_2022-04-17_15_09_485777440515145901161_planta_2.jpg,215,0
JPEG_V2_E2_2022-04-17_15_09_485777440515145901161_planta_3,JPEG_V2_E2_2022-04-17_15_09_485777440515145901161_planta_3.jpg,283,1
JPEG_V2_E2_2022-04-17_15_09_485777440515145901161_planta_5,JPEG_V2_E2_2022-04-17_15_09_485777440515145901161_planta_5.jpg,68,0
JPEG_V2_E2_2022-04-17_15_09_485777440515145901161_planta_6,JPEG_V2_E2_2022-04-17_15_09_485777440515145901161_planta_6.jpg,60,0
JPEG_V2_E2_2022-04-17_15_09_485777440515145901161_planta_7,JPEG_V2_E2_2022-04-17_15_09_485777440515145901161_planta_7.jpg,284,1
JPEG_V2_E2_2022-04-17_15_09_485777440515145901161_planta_8,JPEG_V2_E2_2022-04-17_15_09_485777440515145901161_planta_8.jpg,159,0
JPEG_V2_E2_2022-04-17_15_09_485777440515145901161_planta_9,JPEG_V2_E2_2022-04-17_15_09_485777440515145901161_planta_9.jpg,215,0
JPEG_V2_E2_2022-04-17_15_10_159211851527285708499_planta_0,JPEG_V2_E2_2022-04-17_15_10_159211851527285708499_planta_0.jpg,124,0
JPEG_V2_E2_2022-04-17_15_10_159211851527285708499_planta_1,JPEG_V2_E2_2022-04-17_15_10_159211851527285708499_planta_1.jpg,208,0
JPEG_V2_E2_2022-04-17_15_10_159211851527285708499_planta_10,JPEG_V2_E2_2022-04-17_15_10_159211851527285708499_planta_10.jpg,35,0
JPEG_V2_E2_2022-04-17_15_10_159211851527285708499_planta_2,JPEG_V2_E2_2022-04-17_15_10_159211851527285708499_planta_2.jpg,295,2
JPEG_V2_E2_2022-04-17_15_10_159211851527285708499_planta_3,JPEG_V2_E2_2022-04-17_15_10_159211851527285708499_planta_3.jpg,208,0
JPEG_V2_E2_2022-04-17_15_10_159211851527285708499_planta_4,JPEG_V2_E2_2022-04-17_15_10_159211851527285708499_planta_4.jpg,287,1
JPEG_V2_E2_2022-04-17_15_10_159211851527285708499_planta_5,JPEG_V2_E2_2022-04-17_15_10_159211851527285708499_planta_5.jpg,208,0
JPEG_V2_E2_2022-04-17_15_10_159211851527285708499_planta_6,JPEG_V2_E2_2022-04-17_15_10_159211851527285708499_planta_6.jpg,-1,-1
JPEG_V2_E2_2022-04-17_15_10_159211851527285708499_planta_7,JPEG_V2_E2_2022-04-17_15_10_159211851527285708499_planta_7.jpg,208,0
JPEG_V2_E2_2022-04-17_15_10_159211851527285708499_planta_8,JPEG_V2_E2_2022-04-17_15_10_159211851527285708499_planta_8.jpg,285,1
JPEG_V2_E2_2022-04-17_15_10_159211851527285708499_planta_9,JPEG_V2_E2_2022-04-17_15_10_159211851527285708499_planta_9.jpg,218,1
JPEG_V2_E2_2022-04-17_15_10_287777538058179854588_planta_1,JPEG_V2_E2_2022-04-17_15_10_287777538058179854588_planta_1.jpg,292,2
JPEG_V2_E2_2022-04-17_15_10_287777538058179854588_planta_3,JPEG_V2_E2_2022-04-17_15_10_287777538058179854588_planta_3.jpg,205,0
JPEG_V2_E2_2022-04-17_15_10_287777538058179854588_planta_4,JPEG_V2_E2_2022-04-17_15_10_287777538058179854588_planta_4.jpg,288,1
JPEG_V2_E2_2022-04-17_15_10_287777538058179854588_planta_6,JPEG_V2_E2_2022-04-17_15_10_287777538058179854588_planta_6.jpg,287,1
JPEG_V2_E2_2022-04-17_15_10_516634138168975204289_planta_1,JPEG_V2_E2_2022-04-17_15_10_516634138168975204289_planta_1.jpg,208,0
JPEG_V2_E2_2022-04-17_15_10_516634138168975204289_planta_2,JPEG_V2_E2_2022-04-17_15_10_516634138168975204289_planta_2.jpg,204,0
JPEG_V2_E2_2022-04-17_15_11_072807541089786253625_planta_0,JPEG_V2_E2_2022-04-17_15_11_072807541089786253625_planta_0.jpg,317,3
JPEG_V2_E2_2022-04-17_15_11_072807541089786253625_planta_1,JPEG_V2_E2_2022-04-17_15_11_072807541089786253625_planta_1.jpg,286,1
JPEG_V2_E2_2022-04-17_15_11_072807541089786253625_planta_11,JPEG_V2_E2_2022-04-17_15_11_072807541089786253625_planta_11.jpg,203,0
JPEG_V2_E2_2022-04-17_15_11_072807541089786253625_planta_12,JPEG_V2_E2_2022-04-17_15_11_072807541089786253625_planta_12.jpg,208,0
JPEG_V2_E2_2022-04-17_15_11_072807541089786253625_planta_13,JPEG_V2_E2_2022-04-17_15_11_072807541089786253625_planta_13.jpg,208,0
JPEG_V2_E2_2022-04-17_15_11_072807541089786253625_planta_14,JPEG_V2_E2_2022-04-17_15_11_072807541089786253625_planta_14.jpg,208,0
JPEG_V2_E2_2022-04-17_15_11_072807541089786253625_planta_16,JPEG_V2_E2_2022-04-17_15_11_072807541089786253625_planta_16.jpg,275,1
JPEG_V2_E2_2022-04-17_15_11_072807541089786253625_planta_2,JPEG_V2_E2_2022-04-17_15_11_072807541089786253625_planta_2.jpg,215,0
JPEG_V2_E2_2022-04-17_15_11_072807541089786253625_planta_3,JPEG_V2_E2_2022-04-17_15_11_072807541089786253625_planta_3.jpg,203,0
JPEG_V2_E2_2022-04-17_15_11_072807541089786253625_planta_4,JPEG_V2_E2_2022-04-17_15_11_072807541089786253625_planta_4.jpg,288,1
JPEG_V2_E2_2022-04-17_15_11_072807541089786253625_planta_5,JPEG_V2_E2_2022-04-17_15_11_072807541089786253625_planta_5.jpg,311,2
JPEG_V2_E2_2022-04-17_15_11_072807541089786253625_planta_6,JPEG_V2_E2_2022-04-17_15_11_072807541089786253625_planta_6.jpg,69,0
JPEG_V2_E2_2022-04-17_15_11_072807541089786253625_planta_7,JPEG_V2_E2_2022-04-17_15_11_072807541089786253625_planta_7.jpg,206,0
JPEG_V2_E2_2022-04-17_15_11_072807541089786253625_planta_8,JPEG_V2_E2_2022-04-17_15_11_072807541089786253625_planta_8.jpg,208,0
JPEG_V2_E2_2022-04-17_15_11_072807541089786253625_planta_9,JPEG_V2_E2_2022-04-17_15_11_072807541089786253625_planta_9.jpg,68,0
JPEG_V2_E2_2022-04-17_15_11_258335272712890131690_planta_1,JPEG_V2_E2_2022-04-17_15_11_258335272712890131690_planta_1.jpg,211,0
JPEG_V2_E2_2022-04-17_15_11_258335272712890131690_planta_2,JPEG_V2_E2_2022-04-17_15_11_258335272712890131690_planta_2.jpg,69,0
JPEG_V2_E2_2022-04-17_15_11_258335272712890131690_planta_3,JPEG_V2_E2_2022-04-17_15_11_258335272712890131690_planta_3.jpg,211,0
JPEG_V2_E2_2022-04-17_15_11_414489342397012355711_planta_1,JPEG_V2_E2_2022-04-17_15_11_414489342397012355711_planta_1.jpg,317,3
JPEG_V2_E2_2022-04-17_15_11_414489342397012355711_planta_10,JPEG_V2_E2_2022-04-17_15_11_414489342397012355711_planta_10.jpg,283,1
JPEG_V2_E2_2022-04-17_15_11_414489342397012355711_planta_12,JPEG_V2_E2_2022-04-17_15_11_414489342397012355711_planta_12.jpg,210,0
JPEG_V2_E2_2022-04-17_15_11_414489342397012355711_planta_13,JPEG_V2_E2_2022-04-17_15_11_414489342397012355711_planta_13.jpg,210,0
JPEG_V2_E2_2022-04-17_15_11_414489342397012355711_planta_15,JPEG_V2_E2_2022-04-17_15_11_414489342397012355711_planta_15.jpg,283,1
JPEG_V2_E2_2022-04-17_15_11_414489342397012355711_planta_17,JPEG_V2_E2_2022-04-17_15_11_414489342397012355711_planta_17.jpg,317,3
JPEG_V2_E2_2022-04-17_15_11_414489342397012355711_planta_18,JPEG_V2_E2_2022-04-17_15_11_414489342397012355711_planta_18.jpg,147,0
JPEG_V2_E2_2022-04-17_15_11_414489342397012355711_planta_19,JPEG_V2_E2_2022-04-17_15_11_414489342397012355711_planta_19.jpg,206,0
JPEG_V2_E2_2022-04-17_15_11_414489342397012355711_planta_2,JPEG_V2_E2_2022-04-17_15_11_414489342397012355711_planta_2.jpg,210,0
JPEG_V2_E2_2022-04-17_15_11_414489342397012355711_planta_4,JPEG_V2_E2_2022-04-17_15_11_414489342397012355711_planta_4.jpg,210,0
JPEG_V2_E2_2022-04-17_15_11_414489342397012355711_planta_5,JPEG_V2_E2_2022-04-17_15_11_414489342397012355711_planta_5.jpg,86,0
JPEG_V2_E2_2022-04-17_15_11_414489342397012355711_planta_6,JPEG_V2_E2_2022-04-17_15_11_414489342397012355711_planta_6.jpg,211,0
JPEG_V2_E2_2022-04-17_15_11_414489342397012355711_planta_8,JPEG_V2_E2_2022-04-17_15_11_414489342397012355711_planta_8.jpg,306,2
JPEG_V2_E2_2022-04-17_15_11_414489342397012355711_planta_9,JPEG_V2_E2_2022-04-17_15_11_414489342397012355711_planta_9.jpg,210,0
JPEG_V2_E2_2022-04-17_15_12_381826318015154971570_planta_0,JPEG_V2_E2_2022-04-17_15_12_381826318015154971570_planta_0.jpg,210,0
JPEG_V2_E2_2022-04-17_15_12_381826318015154971570_planta_1,JPEG_V2_E2_2022-04-17_15_12_381826318015154971570_planta_1.jpg,275,1
JPEG_V2_E2_2022-04-17_15_13_142969242649330384593_planta_1,JPEG_V2_E2_2022-04-17_15_13_142969242649330384593_planta_1.jpg,111,0
JPEG_V2_E2_2022-04-17_15_13_142969242649330384593_planta_3,JPEG_V2_E2_2022-04-17_15_13_142969242649330384593_planta_3.jpg,112,0
JPEG_V2_E2_2022-04-17_15_13_142969242649330384593_planta_5,JPEG_V2_E2_2022-04-17_15_13_142969242649330384593_planta_5.jpg,112,0
JPEG_V2_E2_2022-04-17_15_13_44834417056546759781_planta_0,JPEG_V2_E2_2022-04-17_15_13_44834417056546759781_planta_0.jpg,124,0
JPEG_V2_E2_2022-04-17_15_13_44834417056546759781_planta_10,JPEG_V2_E2_2022-04-17_15_13_44834417056546759781_planta_10.jpg,317,3
JPEG_V2_E2_2022-04-17_15_13_44834417056546759781_planta_11,JPEG_V2_E2_2022-04-17_15_13_44834417056546759781_planta_11.jpg,112,0
JPEG_V2_E2_2022-04-17_15_13_44834417056546759781_planta_12,JPEG_V2_E2_2022-04-17_15_13_44834417056546759781_planta_12.jpg,283,1
JPEG_V2_E2_2022-04-17_15_13_44834417056546759781_planta_2,JPEG_V2_E2_2022-04-17_15_13_44834417056546759781_planta_2.jpg,208,0
JPEG_V2_E2_2022-04-17_15_13_44834417056546759781_planta_3,JPEG_V2_E2_2022-04-17_15_13_44834417056546759781_planta_3.jpg,311,2
JPEG_V2_E2_2022-04-17_15_13_44834417056546759781_planta_4,JPEG_V2_E2_2022-04-17_15_13_44834417056546759781_planta_4.jpg,311,2
JPEG_V2_E2_2022-04-17_15_13_44834417056546759781_planta_5,JPEG_V2_E2_2022-04-17_15_13_44834417056546759781_planta_5.jpg,208,0
JPEG_V2_E2_2022-04-17_15_13_44834417056546759781_planta_7,JPEG_V2_E2_2022-04-17_15_13_44834417056546759781_planta_7.jpg,196,0
JPEG_V2_E2_2022-04-17_15_13_44834417056546759781_planta_9,JPEG_V2_E2_2022-04-17_15_13_44834417056546759781_planta_9.jpg,215,0
JPEG_V2_E2_2022-04-17_15_14_224071973522240993721_planta_1,JPEG_V2_E2_2022-04-17_15_14_224071973522240993721_planta_1.jpg,306,2
JPEG_V2_E2_2022-04-17_15_14_224071973522240993721_planta_4,JPEG_V2_E2_2022-04-17_15_14_224071973522240993721_planta_4.jpg,308,2
JPEG_V2_E2_2022-04-17_15_14_557163148108367658012_planta_2,JPEG_V2_E2_2022-04-17_15_14_557163148108367658012_planta_2.jpg,215,0
JPEG_V2_E2_2022-04-17_15_14_557163148108367658012_planta_3,JPEG_V2_E2_2022-04-17_15_14_557163148108367658012_planta_3.jpg,143,0
JPEG_V2_E2_2022-04-17_15_15_122599809702312262922_planta_1,JPEG_V2_E2_2022-04-17_15_15_122599809702312262922_planta_1.jpg,185,0
JPEG_V2_E2_2022-04-17_15_15_122599809702312262922_planta_10,JPEG_V2_E2_2022-04-17_15_15_122599809702312262922_planta_10.jpg,317,3
JPEG_V2_E2_2022-04-17_15_15_122599809702312262922_planta_3,JPEG_V2_E2_2022-04-17_15_15_122599809702312262922_planta_3.jpg,124,0
JPEG_V2_E2_2022-04-17_15_15_122599809702312262922_planta_4,JPEG_V2_E2_2022-04-17_15_15_122599809702312262922_planta_4.jpg,208,0
JPEG_V2_E2_2022-04-17_15_15_122599809702312262922_planta_5,JPEG_V2_E2_2022-04-17_15_15_122599809702312262922_planta_5.jpg,260,1
JPEG_V2_E2_2022-04-17_15_15_122599809702312262922_planta_7,JPEG_V2_E2_2022-04-17_15_15_122599809702312262922_planta_7.jpg,60,0
JPEG_V2_E2_2022-04-17_15_15_122599809702312262922_planta_8,JPEG_V2_E2_2022-04-17_15_15_122599809702312262922_planta_8.jpg,69,0
JPEG_V2_E2_2022-04-17_15_15_122599809702312262922_planta_9,JPEG_V2_E2_2022-04-17_15_15_122599809702312262922_planta_9.jpg,208,0
JPEG_V2_E2_2022-04-17_15_15_576386943569487511811_planta_0,JPEG_V2_E2_2022-04-17_15_15_576386943569487511811_planta_0.jpg,173,0
JPEG_V2_E2_2022-04-17_15_15_576386943569487511811_planta_1,JPEG_V2_E2_2022-04-17_15_15_576386943569487511811_planta_1.jpg,196,0
JPEG_V2_E2_2022-04-17_15_15_576386943569487511811_planta_3,JPEG_V2_E2_2022-04-17_15_15_576386943569487511811_planta_3.jpg,215,0
JPEG_V2_E2_2022-04-17_15_15_576386943569487511811_planta_4,JPEG_V2_E2_2022-04-17_15_15_576386943569487511811_planta_4.jpg,112,0
JPEG_V2_E2_2022-04-17_15_16_172937527891404556517_planta_2,JPEG_V2_E2_2022-04-17_15_16_172937527891404556517_planta_2.jpg,215,0
JPEG_V2_E2_2022-04-17_15_16_345675206327727857047_planta_0,JPEG_V2_E2_2022-04-17_15_16_345675206327727857047_planta_0.jpg,112,0
JPEG_V2_E2_2022-04-17_15_16_345675206327727857047_planta_10,JPEG_V2_E2_2022-04-17_15_16_345675206327727857047_planta_10.jpg,211,0
JPEG_V2_E2_2022-04-17_15_16_345675206327727857047_planta_11,JPEG_V2_E2_2022-04-17_15_16_345675206327727857047_planta_11.jpg,210,0
JPEG_V2_E2_2022-04-17_15_16_345675206327727857047_planta_2,JPEG_V2_E2_2022-04-17_15_16_345675206327727857047_planta_2.jpg,297,2
JPEG_V2_E2_2022-04-17_15_16_345675206327727857047_planta_3,JPEG_V2_E2_2022-04-17_15_16_345675206327727857047_planta_3.jpg,69,0
JPEG_V2_E2_2022-04-17_15_16_345675206327727857047_planta_4,JPEG_V2_E2_2022-04-17_15_16_345675206327727857047_planta_4.jpg,15,0
JPEG_V2_E2_2022-04-17_15_16_345675206327727857047_planta_6,JPEG_V2_E2_2022-04-17_15_16_345675206327727857047_planta_6.jpg,112,0
JPEG_V2_E2_2022-04-17_15_16_345675206327727857047_planta_7,JPEG_V2_E2_2022-04-17_15_16_345675206327727857047_planta_7.jpg,192,0
JPEG_V2_E2_2022-04-17_15_16_345675206327727857047_planta_8,JPEG_V2_E2_2022-04-17_15_16_345675206327727857047_planta_8.jpg,318,3
JPEG_V2_E2_2022-04-17_15_16_446534616847419291915_planta_1,JPEG_V2_E2_2022-04-17_15_16_446534616847419291915_planta_1.jpg,104,0
JPEG_V2_E2_2022-04-17_15_16_565153743992895968107_planta_0,JPEG_V2_E2_2022-04-17_15_16_565153743992895968107_planta_0.jpg,212,0
JPEG_V2_E2_2022-04-17_15_17_254799503967430688207_planta_0,JPEG_V2_E2_2022-04-17_15_17_254799503967430688207_planta_0.jpg,112,0
JPEG_V2_E2_2022-04-17_15_17_254799503967430688207_planta_1,JPEG_V2_E2_2022-04-17_15_17_254799503967430688207_planta_1.jpg,112,0
JPEG_V2_E2_2022-04-17_15_17_254799503967430688207_planta_11,JPEG_V2_E2_2022-04-17_15_17_254799503967430688207_planta_11.jpg,263,1
JPEG_V2_E2_2022-04-17_15_17_254799503967430688207_planta_12,JPEG_V2_E2_2022-04-17_15_17_254799503967430688207_planta_12.jpg,285,1
JPEG_V2_E2_2022-04-17_15_17_254799503967430688207_planta_14,JPEG_V2_E2_2022-04-17_15_17_254799503967430688207_planta_14.jpg,273,1
JPEG_V2_E2_2022-04-17_15_17_254799503967430688207_planta_2,JPEG_V2_E2_2022-04-17_15_17_254799503967430688207_planta_2.jpg,112,0
JPEG_V2_E2_2022-04-17_15_17_254799503967430688207_planta_5,JPEG_V2_E2_2022-04-17_15_17_254799503967430688207_planta_5.jpg,122,0
JPEG_V2_E2_2022-04-17_15_17_254799503967430688207_planta_6,JPEG_V2_E2_2022-04-17_15_17_254799503967430688207_planta_6.jpg,212,0
JPEG_V2_E2_2022-04-17_15_17_254799503967430688207_planta_7,JPEG_V2_E2_2022-04-17_15_17_254799503967430688207_planta_7.jpg,208,0
JPEG_V2_E2_2022-04-17_15_17_254799503967430688207_planta_8,JPEG_V2_E2_2022-04-17_15_17_254799503967430688207_planta_8.jpg,215,0
JPEG_V2_E2_2022-04-17_15_17_254799503967430688207_planta_9,JPEG_V2_E2_2022-04-17_15_17_254799503967430688207_planta_9.jpg,276,1
JPEG_V2_E2_2022-04-17_15_17_498652234443729005809_planta_1,JPEG_V2_E2_2022-04-17_15_17_498652234443729005809_planta_1.jpg,312,2
JPEG_V2_E2_2022-04-17_15_18_092397818907613741481_planta_0,JPEG_V2_E2_2022-04-17_15_18_092397818907613741481_planta_0.jpg,284,1
JPEG_V2_E2_2022-04-17_15_18_451416949858663056674_planta_0,JPEG_V2_E2_2022-04-17_15_18_451416949858663056674_planta_0.jpg,136,0
PHOTO-2026-05-20-09-48-42 (1)_planta_0,PHOTO-2026-05-20-09-48-42 (1)_planta_0.jpg,24,0
PHOTO-2026-05-20-09-48-42 (1)_planta_1,PHOTO-2026-05-20-09-48-42 (1)_planta_1.jpg,24,0
PHOTO-2026-05-20-09-48-42 (1)_planta_10,PHOTO-2026-05-20-09-48-42 (1)_planta_10.jpg,229,1
PHOTO-2026-05-20-09-48-42 (1)_planta_11,PHOTO-2026-05-20-09-48-42 (1)_planta_11.jpg,24,0
PHOTO-2026-05-20-09-48-42 (1)_planta_12,PHOTO-2026-05-20-09-48-42 (1)_planta_12.jpg,88,0
PHOTO-2026-05-20-09-48-42 (1)_planta_14,PHOTO-2026-05-20-09-48-42 (1)_planta_14.jpg,24,0
PHOTO-2026-05-20-09-48-42 (1)_planta_15,PHOTO-2026-05-20-09-48-42 (1)_planta_15.jpg,255,1
PHOTO-2026-05-20-09-48-42 (1)_planta_16,PHOTO-2026-05-20-09-48-42 (1)_planta_16.jpg,101,0
PHOTO-2026-05-20-09-48-42 (1)_planta_17,PHOTO-2026-05-20-09-48-42 (1)_planta_17.jpg,37,0
PHOTO-2026-05-20-09-48-42 (1)_planta_18,PHOTO-2026-05-20-09-48-42 (1)_planta_18.jpg,255,1
PHOTO-2026-05-20-09-48-42 (1)_planta_2,PHOTO-2026-05-20-09-48-42 (1)_planta_2.jpg,102,0
PHOTO-2026-05-20-09-48-42 (1)_planta_3,PHOTO-2026-05-20-09-48-42 (1)_planta_3.jpg,24,0
PHOTO-2026-05-20-09-48-42 (1)_planta_5,PHOTO-2026-05-20-09-48-42 (1)_planta_5.jpg,36,0
PHOTO-2026-05-20-09-48-42 (1)_planta_6,PHOTO-2026-05-20-09-48-42 (1)_planta_6.jpg,24,0
PHOTO-2026-05-20-09-48-42 (1)_planta_8,PHOTO-2026-05-20-09-48-42 (1)_planta_8.jpg,37,0
PHOTO-2026-05-20-09-48-42 (1)_planta_9,PHOTO-2026-05-20-09-48-42 (1)_planta_9.jpg,24,0
PHOTO-2026-05-20-09-48-42 (10)_planta_0,PHOTO-2026-05-20-09-48-42 (10)_planta_0.jpg,36,0
PHOTO-2026-05-20-09-48-42 (10)_planta_10,PHOTO-2026-05-20-09-48-42 (10)_planta_10.jpg,56,0
PHOTO-2026-05-20-09-48-42 (10)_planta_11,PHOTO-2026-05-20-09-48-42 (10)_planta_11.jpg,292,2
PHOTO-2026-05-20-09-48-42 (10)_planta_12,PHOTO-2026-05-20-09-48-42 (10)_planta_12.jpg,53,0
PHOTO-2026-05-20-09-48-42 (10)_planta_13,PHOTO-2026-05-20-09-48-42 (10)_planta_13.jpg,213,0
PHOTO-2026-05-20-09-48-42 (10)_planta_14,PHOTO-2026-05-20-09-48-42 (10)_planta_14.jpg,56,0
PHOTO-2026-05-20-09-48-42 (10)_planta_3,PHOTO-2026-05-20-09-48-42 (10)_planta_3.jpg,25,0
PHOTO-2026-05-20-09-48-42 (10)_planta_4,PHOTO-2026-05-20-09-48-42 (10)_planta_4.jpg,229,1
PHOTO-2026-05-20-09-48-42 (10)_planta_5,PHOTO-2026-05-20-09-48-42 (10)_planta_5.jpg,24,0
PHOTO-2026-05-20-09-48-42 (10)_planta_7,PHOTO-2026-05-20-09-48-42 (10)_planta_7.jpg,229,1
PHOTO-2026-05-20-09-48-42 (10)_planta_8,PHOTO-2026-05-20-09-48-42 (10)_planta_8.jpg,221,1
PHOTO-2026-05-20-09-48-42 (10)_planta_9,PHOTO-2026-05-20-09-48-42 (10)_planta_9.jpg,291,2
PHOTO-2026-05-20-09-48-42 (2)_planta_0,PHOTO-2026-05-20-09-48-42 (2)_planta_0.jpg,56,0
PHOTO-2026-05-20-09-48-42 (2)_planta_1,PHOTO-2026-05-20-09-48-42 (2)_planta_1.jpg,56,0
PHOTO-2026-05-20-09-48-42 (2)_planta_10,PHOTO-2026-05-20-09-48-42 (2)_planta_10.jpg,56,0
PHOTO-2026-05-20-09-48-42 (2)_planta_11,PHOTO-2026-05-20-09-48-42 (2)_planta_11.jpg,251,1
PHOTO-2026-05-20-09-48-42 (2)_planta_13,PHOTO-2026-05-20-09-48-42 (2)_planta_13.jpg,37,0
PHOTO-2026-05-20-09-48-42 (2)_planta_14,PHOTO-2026-05-20-09-48-42 (2)_planta_14.jpg,213,0
PHOTO-2026-05-20-09-48-42 (2)_planta_15,PHOTO-2026-05-20-09-48-42 (2)_planta_15.jpg,217,1
PHOTO-2026-05-20-09-48-42 (2)_planta_16,PHOTO-2026-05-20-09-48-42 (2)_planta_16.jpg,213,0
PHOTO-2026-05-20-09-48-42 (2)_planta_17,PHOTO-2026-05-20-09-48-42 (2)_planta_17.jpg,223,1
PHOTO-2026-05-20-09-48-42 (2)_planta_2,PHOTO-2026-05-20-09-48-42 (2)_planta_2.jpg,56,0
PHOTO-2026-05-20-09-48-42 (2)_planta_3,PHOTO-2026-05-20-09-48-42 (2)_planta_3.jpg,25,0
PHOTO-2026-05-20-09-48-42 (2)_planta_5,PHOTO-2026-05-20-09-48-42 (2)_planta_5.jpg,37,0
PHOTO-2026-05-20-09-48-42 (2)_planta_7,PHOTO-2026-05-20-09-48-42 (2)_planta_7.jpg,213,0
PHOTO-2026-05-20-09-48-42 (2)_planta_8,PHOTO-2026-05-20-09-48-42 (2)_planta_8.jpg,37,0
PHOTO-2026-05-20-09-48-42 (2)_planta_9,PHOTO-2026-05-20-09-48-42 (2)_planta_9.jpg,221,1
PHOTO-2026-05-20-09-48-42 (3)_planta_0,PHOTO-2026-05-20-09-48-42 (3)_planta_0.jpg,81,0
PHOTO-2026-05-20-09-48-42 (3)_planta_1,PHOTO-2026-05-20-09-48-42 (3)_planta_1.jpg,24,0
PHOTO-2026-05-20-09-48-42 (3)_planta_2,PHOTO-2026-05-20-09-48-42 (3)_planta_2.jpg,37,0
PHOTO-2026-05-20-09-48-42 (3)_planta_3,PHOTO-2026-05-20-09-48-42 (3)_planta_3.jpg,55,0
PHOTO-2026-05-20-09-48-42 (3)_planta_4,PHOTO-2026-05-20-09-48-42 (3)_planta_4.jpg,24,0
PHOTO-2026-05-20-09-48-42 (3)_planta_6,PHOTO-2026-05-20-09-48-42 (3)_planta_6.jpg,24,0
PHOTO-2026-05-20-09-48-42 (3)_planta_7,PHOTO-2026-05-20-09-48-42 (3)_planta_7.jpg,36,0
PHOTO-2026-05-20-09-48-42 (3)_planta_8,PHOTO-2026-05-20-09-48-42 (3)_planta_8.jpg,42,0
PHOTO-2026-05-20-09-48-42 (4)_planta_0,PHOTO-2026-05-20-09-48-42 (4)_planta_0.jpg,42,0
PHOTO-2026-05-20-09-48-42 (4)_planta_1,PHOTO-2026-05-20-09-48-42 (4)_planta_1.jpg,37,0
PHOTO-2026-05-20-09-48-42 (4)_planta_12,PHOTO-2026-05-20-09-48-42 (4)_planta_12.jpg,70,0
PHOTO-2026-05-20-09-48-42 (4)_planta_13,PHOTO-2026-05-20-09-48-42 (4)_planta_13.jpg,27,0
PHOTO-2026-05-20-09-48-42 (4)_planta_14,PHOTO-2026-05-20-09-48-42 (4)_planta_14.jpg,24,0
PHOTO-2026-05-20-09-48-42 (4)_planta_15,PHOTO-2026-05-20-09-48-42 (4)_planta_15.jpg,-1,-1
PHOTO-2026-05-20-09-48-42 (4)_planta_16,PHOTO-2026-05-20-09-48-42 (4)_planta_16.jpg,42,0
PHOTO-2026-05-20-09-48-42 (4)_planta_17,PHOTO-2026-05-20-09-48-42 (4)_planta_17.jpg,102,0
PHOTO-2026-05-20-09-48-42 (4)_planta_18,PHOTO-2026-05-20-09-48-42 (4)_planta_18.jpg,37,0
PHOTO-2026-05-20-09-48-42 (4)_planta_19,PHOTO-2026-05-20-09-48-42 (4)_planta_19.jpg,254,1
PHOTO-2026-05-20-09-48-42 (4)_planta_2,PHOTO-2026-05-20-09-48-42 (4)_planta_2.jpg,254,1
PHOTO-2026-05-20-09-48-42 (4)_planta_20,PHOTO-2026-05-20-09-48-42 (4)_planta_20.jpg,37,0
PHOTO-2026-05-20-09-48-42 (4)_planta_21,PHOTO-2026-05-20-09-48-42 (4)_planta_21.jpg,24,0
PHOTO-2026-05-20-09-48-42 (4)_planta_22,PHOTO-2026-05-20-09-48-42 (4)_planta_22.jpg,37,0
PHOTO-2026-05-20-09-48-42 (4)_planta_23,PHOTO-2026-05-20-09-48-42 (4)_planta_23.jpg,42,0
PHOTO-2026-05-20-09-48-42 (4)_planta_25,PHOTO-2026-05-20-09-48-42 (4)_planta_25.jpg,24,0
PHOTO-2026-05-20-09-48-42 (4)_planta_26,PHOTO-2026-05-20-09-48-42 (4)_planta_26.jpg,42,0
PHOTO-2026-05-20-09-48-42 (4)_planta_27,PHOTO-2026-05-20-09-48-42 (4)_planta_27.jpg,37,0
PHOTO-2026-05-20-09-48-42 (4)_planta_28,PHOTO-2026-05-20-09-48-42 (4)_planta_28.jpg,42,0
PHOTO-2026-05-20-09-48-42 (4)_planta_29,PHOTO-2026-05-20-09-48-42 (4)_planta_29.jpg,56,0
PHOTO-2026-05-20-09-48-42 (4)_planta_3,PHOTO-2026-05-20-09-48-42 (4)_planta_3.jpg,42,0
PHOTO-2026-05-20-09-48-42 (4)_planta_30,PHOTO-2026-05-20-09-48-42 (4)_planta_30.jpg,102,0
PHOTO-2026-05-20-09-48-42 (4)_planta_31,PHOTO-2026-05-20-09-48-42 (4)_planta_31.jpg,37,0
PHOTO-2026-05-20-09-48-42 (4)_planta_32,PHOTO-2026-05-20-09-48-42 (4)_planta_32.jpg,24,0
PHOTO-2026-05-20-09-48-42 (4)_planta_5,PHOTO-2026-05-20-09-48-42 (4)_planta_5.jpg,102,0
PHOTO-2026-05-20-09-48-42 (4)_planta_6,PHOTO-2026-05-20-09-48-42 (4)_planta_6.jpg,24,0
PHOTO-2026-05-20-09-48-42 (4)_planta_8,PHOTO-2026-05-20-09-48-42 (4)_planta_8.jpg,36,0
PHOTO-2026-05-20-09-48-42 (4)_planta_9,PHOTO-2026-05-20-09-48-42 (4)_planta_9.jpg,42,0
PHOTO-2026-05-20-09-48-42 (6)_planta_1,PHOTO-2026-05-20-09-48-42 (6)_planta_1.jpg,291,2
PHOTO-2026-05-20-09-48-42 (6)_planta_10,PHOTO-2026-05-20-09-48-42 (6)_planta_10.jpg,27,0
PHOTO-2026-05-20-09-48-42 (6)_planta_11,PHOTO-2026-05-20-09-48-42 (6)_planta_11.jpg,27,0
PHOTO-2026-05-20-09-48-42 (6)_planta_12,PHOTO-2026-05-20-09-48-42 (6)_planta_12.jpg,253,1
PHOTO-2026-05-20-09-48-42 (6)_planta_13,PHOTO-2026-05-20-09-48-42 (6)_planta_13.jpg,3,0
PHOTO-2026-05-20-09-48-42 (6)_planta_14,PHOTO-2026-05-20-09-48-42 (6)_planta_14.jpg,36,0
PHOTO-2026-05-20-09-48-42 (6)_planta_16,PHOTO-2026-05-20-09-48-42 (6)_planta_16.jpg,42,0
PHOTO-2026-05-20-09-48-42 (6)_planta_17,PHOTO-2026-05-20-09-48-42 (6)_planta_17.jpg,37,0
PHOTO-2026-05-20-09-48-42 (6)_planta_18,PHOTO-2026-05-20-09-48-42 (6)_planta_18.jpg,24,0
PHOTO-2026-05-20-09-48-42 (6)_planta_21,PHOTO-2026-05-20-09-48-42 (6)_planta_21.jpg,42,0
PHOTO-2026-05-20-09-48-42 (6)_planta_22,PHOTO-2026-05-20-09-48-42 (6)_planta_22.jpg,24,0
PHOTO-2026-05-20-09-48-42 (6)_planta_23,PHOTO-2026-05-20-09-48-42 (6)_planta_23.jpg,70,0
PHOTO-2026-05-20-09-48-42 (6)_planta_24,PHOTO-2026-05-20-09-48-42 (6)_planta_24.jpg,24,0
PHOTO-2026-05-20-09-48-42 (6)_planta_25,PHOTO-2026-05-20-09-48-42 (6)_planta_25.jpg,-1,-1
PHOTO-2026-05-20-09-48-42 (6)_planta_3,PHOTO-2026-05-20-09-48-42 (6)_planta_3.jpg,50,0
PHOTO-2026-05-20-09-48-42 (6)_planta_4,PHOTO-2026-05-20-09-48-42 (6)_planta_4.jpg,24,0
PHOTO-2026-05-20-09-48-42 (6)_planta_5,PHOTO-2026-05-20-09-48-42 (6)_planta_5.jpg,254,1
PHOTO-2026-05-20-09-48-42 (6)_planta_6,PHOTO-2026-05-20-09-48-42 (6)_planta_6.jpg,24,0
PHOTO-2026-05-20-09-48-42 (6)_planta_7,PHOTO-2026-05-20-09-48-42 (6)_planta_7.jpg,24,0
PHOTO-2026-05-20-09-48-42 (6)_planta_8,PHOTO-2026-05-20-09-48-42 (6)_planta_8.jpg,37,0
PHOTO-2026-05-20-09-48-42 (6)_planta_9,PHOTO-2026-05-20-09-48-42 (6)_planta_9.jpg,291,2
PHOTO-2026-05-20-09-48-42 (7)_planta_0,PHOTO-2026-05-20-09-48-42 (7)_planta_0.jpg,40,0
PHOTO-2026-05-20-09-48-42 (7)_planta_1,PHOTO-2026-05-20-09-48-42 (7)_planta_1.jpg,253,1
PHOTO-2026-05-20-09-48-42 (7)_planta_10,PHOTO-2026-05-20-09-48-42 (7)_planta_10.jpg,102,0
PHOTO-2026-05-20-09-48-42 (7)_planta_12,PHOTO-2026-05-20-09-48-42 (7)_planta_12.jpg,315,3
PHOTO-2026-05-20-09-48-42 (7)_planta_13,PHOTO-2026-05-20-09-48-42 (7)_planta_13.jpg,53,0
PHOTO-2026-05-20-09-48-42 (7)_planta_14,PHOTO-2026-05-20-09-48-42 (7)_planta_14.jpg,251,1
PHOTO-2026-05-20-09-48-42 (7)_planta_15,PHOTO-2026-05-20-09-48-42 (7)_planta_15.jpg,253,1
PHOTO-2026-05-20-09-48-42 (7)_planta_16,PHOTO-2026-05-20-09-48-42 (7)_planta_16.jpg,36,0
PHOTO-2026-05-20-09-48-42 (7)_planta_17,PHOTO-2026-05-20-09-48-42 (7)_planta_17.jpg,88,0
PHOTO-2026-05-20-09-48-42 (7)_planta_18,PHOTO-2026-05-20-09-48-42 (7)_planta_18.jpg,294,2
PHOTO-2026-05-20-09-48-42 (7)_planta_2,PHOTO-2026-05-20-09-48-42 (7)_planta_2.jpg,316,3
PHOTO-2026-05-20-09-48-42 (7)_planta_3,PHOTO-2026-05-20-09-48-42 (7)_planta_3.jpg,254,1
PHOTO-2026-05-20-09-48-42 (7)_planta_4,PHOTO-2026-05-20-09-48-42 (7)_planta_4.jpg,55,0
PHOTO-2026-05-20-09-48-42 (7)_planta_6,PHOTO-2026-05-20-09-48-42 (7)_planta_6.jpg,3,0
PHOTO-2026-05-20-09-48-42 (7)_planta_8,PHOTO-2026-05-20-09-48-42 (7)_planta_8.jpg,255,1
PHOTO-2026-05-20-09-48-42 (8)_planta_1,PHOTO-2026-05-20-09-48-42 (8)_planta_1.jpg,24,0
PHOTO-2026-05-20-09-48-42 (8)_planta_10,PHOTO-2026-05-20-09-48-42 (8)_planta_10.jpg,148,0
PHOTO-2026-05-20-09-48-42 (8)_planta_11,PHOTO-2026-05-20-09-48-42 (8)_planta_11.jpg,37,0
PHOTO-2026-05-20-09-48-42 (8)_planta_13,PHOTO-2026-05-20-09-48-42 (8)_planta_13.jpg,37,0
PHOTO-2026-05-20-09-48-42 (8)_planta_14,PHOTO-2026-05-20-09-48-42 (8)_planta_14.jpg,24,0
PHOTO-2026-05-20-09-48-42 (8)_planta_16,PHOTO-2026-05-20-09-48-42 (8)_planta_16.jpg,55,0
PHOTO-2026-05-20-09-48-42 (8)_planta_17,PHOTO-2026-05-20-09-48-42 (8)_planta_17.jpg,34,0
PHOTO-2026-05-20-09-48-42 (8)_planta_18,PHOTO-2026-05-20-09-48-42 (8)_planta_18.jpg,255,1
PHOTO-2026-05-20-09-48-42 (8)_planta_19,PHOTO-2026-05-20-09-48-42 (8)_planta_19.jpg,40,0
PHOTO-2026-05-20-09-48-42 (8)_planta_2,PHOTO-2026-05-20-09-48-42 (8)_planta_2.jpg,25,0
PHOTO-2026-05-20-09-48-42 (8)_planta_20,PHOTO-2026-05-20-09-48-42 (8)_planta_20.jpg,37,0
PHOTO-2026-05-20-09-48-42 (8)_planta_21,PHOTO-2026-05-20-09-48-42 (8)_planta_21.jpg,25,0
PHOTO-2026-05-20-09-48-42 (8)_planta_23,PHOTO-2026-05-20-09-48-42 (8)_planta_23.jpg,25,0
PHOTO-2026-05-20-09-48-42 (8)_planta_24,PHOTO-2026-05-20-09-48-42 (8)_planta_24.jpg,315,3
PHOTO-2026-05-20-09-48-42 (8)_planta_3,PHOTO-2026-05-20-09-48-42 (8)_planta_3.jpg,37,0
PHOTO-2026-05-20-09-48-42 (8)_planta_4,PHOTO-2026-05-20-09-48-42 (8)_planta_4.jpg,25,0
PHOTO-2026-05-20-09-48-42 (8)_planta_6,PHOTO-2026-05-20-09-48-42 (8)_planta_6.jpg,24,0
PHOTO-2026-05-20-09-48-42 (8)_planta_7,PHOTO-2026-05-20-09-48-42 (8)_planta_7.jpg,294,2
PHOTO-2026-05-20-09-48-42 (8)_planta_8,PHOTO-2026-05-20-09-48-42 (8)_planta_8.jpg,101,0
PHOTO-2026-05-20-09-48-42 (8)_planta_9,PHOTO-2026-05-20-09-48-42 (8)_planta_9.jpg,255,1
PHOTO-2026-05-20-09-48-42_planta_0,PHOTO-2026-05-20-09-48-42_planta_0.jpg,3,0
PHOTO-2026-05-20-09-48-42_planta_1,PHOTO-2026-05-20-09-48-42_planta_1.jpg,34,0
PHOTO-2026-05-20-09-48-42_planta_10,PHOTO-2026-05-20-09-48-42_planta_10.jpg,294,2
PHOTO-2026-05-20-09-48-42_planta_11,PHOTO-2026-05-20-09-48-42_planta_11.jpg,291,2
PHOTO-2026-05-20-09-48-42_planta_3,PHOTO-2026-05-20-09-48-42_planta_3.jpg,102,0
PHOTO-2026-05-20-09-48-42_planta_4,PHOTO-2026-05-20-09-48-42_planta_4.jpg,24,0
PHOTO-2026-05-20-09-48-42_planta_5,PHOTO-2026-05-20-09-48-42_planta_5.jpg,56,0
PHOTO-2026-05-20-09-48-42_planta_7,PHOTO-2026-05-20-09-48-42_planta_7.jpg,42,0
PHOTO-2026-05-20-09-48-42_planta_8,PHOTO-2026-05-20-09-48-42_planta_8.jpg,148,0
PHOTO-2026-05-20-09-48-43 (10)_planta_0,PHOTO-2026-05-20-09-48-43 (10)_planta_0.jpg,54,0
PHOTO-2026-05-20-09-48-43 (10)_planta_1,PHOTO-2026-05-20-09-48-43 (10)_planta_1.jpg,53,0
PHOTO-2026-05-20-09-48-43 (10)_planta_10,PHOTO-2026-05-20-09-48-43 (10)_planta_10.jpg,53,0
PHOTO-2026-05-20-09-48-43 (10)_planta_11,PHOTO-2026-05-20-09-48-43 (10)_planta_11.jpg,54,0
PHOTO-2026-05-20-09-48-43 (10)_planta_12,PHOTO-2026-05-20-09-48-43 (10)_planta_12.jpg,54,0
PHOTO-2026-05-20-09-48-43 (10)_planta_13,PHOTO-2026-05-20-09-48-43 (10)_planta_13.jpg,229,1
PHOTO-2026-05-20-09-48-43 (10)_planta_14,PHOTO-2026-05-20-09-48-43 (10)_planta_14.jpg,42,0
PHOTO-2026-05-20-09-48-43 (10)_planta_15,PHOTO-2026-05-20-09-48-43 (10)_planta_15.jpg,294,2
PHOTO-2026-05-20-09-48-43 (10)_planta_16,PHOTO-2026-05-20-09-48-43 (10)_planta_16.jpg,235,1
PHOTO-2026-05-20-09-48-43 (10)_planta_17,PHOTO-2026-05-20-09-48-43 (10)_planta_17.jpg,27,0
PHOTO-2026-05-20-09-48-43 (10)_planta_18,PHOTO-2026-05-20-09-48-43 (10)_planta_18.jpg,291,2
PHOTO-2026-05-20-09-48-43 (10)_planta_19,PHOTO-2026-05-20-09-48-43 (10)_planta_19.jpg,255,1
PHOTO-2026-05-20-09-48-43 (10)_planta_2,PHOTO-2026-05-20-09-48-43 (10)_planta_2.jpg,37,0
PHOTO-2026-05-20-09-48-43 (10)_planta_20,PHOTO-2026-05-20-09-48-43 (10)_planta_20.jpg,102,0
PHOTO-2026-05-20-09-48-43 (10)_planta_21,PHOTO-2026-05-20-09-48-43 (10)_planta_21.jpg,42,0
PHOTO-2026-05-20-09-48-43 (10)_planta_3,PHOTO-2026-05-20-09-48-43 (10)_planta_3.jpg,229,1
PHOTO-2026-05-20-09-48-43 (10)_planta_4,PHOTO-2026-05-20-09-48-43 (10)_planta_4.jpg,53,0
PHOTO-2026-05-20-09-48-43 (10)_planta_5,PHOTO-2026-05-20-09-48-43 (10)_planta_5.jpg,102,0
PHOTO-2026-05-20-09-48-43 (10)_planta_6,PHOTO-2026-05-20-09-48-43 (10)_planta_6.jpg,102,0
PHOTO-2026-05-20-09-48-43 (10)_planta_7,PHOTO-2026-05-20-09-48-43 (10)_planta_7.jpg,54,0
PHOTO-2026-05-20-09-48-43 (10)_planta_8,PHOTO-2026-05-20-09-48-43 (10)_planta_8.jpg,27,0
PHOTO-2026-05-20-09-48-43 (10)_planta_9,PHOTO-2026-05-20-09-48-43 (10)_planta_9.jpg,102,0
PHOTO-2026-05-20-09-48-43 (11)_planta_0,PHOTO-2026-05-20-09-48-43 (11)_planta_0.jpg,24,0
PHOTO-2026-05-20-09-48-43 (11)_planta_1,PHOTO-2026-05-20-09-48-43 (11)_planta_1.jpg,229,1
PHOTO-2026-05-20-09-48-43 (11)_planta_10,PHOTO-2026-05-20-09-48-43 (11)_planta_10.jpg,70,0
PHOTO-2026-05-20-09-48-43 (11)_planta_11,PHOTO-2026-05-20-09-48-43 (11)_planta_11.jpg,3,0
PHOTO-2026-05-20-09-48-43 (11)_planta_12,PHOTO-2026-05-20-09-48-43 (11)_planta_12.jpg,102,0
PHOTO-2026-05-20-09-48-43 (11)_planta_13,PHOTO-2026-05-20-09-48-43 (11)_planta_13.jpg,102,0
PHOTO-2026-05-20-09-48-43 (11)_planta_14,PHOTO-2026-05-20-09-48-43 (11)_planta_14.jpg,88,0
PHOTO-2026-05-20-09-48-43 (11)_planta_15,PHOTO-2026-05-20-09-48-43 (11)_planta_15.jpg,294,2
PHOTO-2026-05-20-09-48-43 (11)_planta_17,PHOTO-2026-05-20-09-48-43 (11)_planta_17.jpg,42,0
PHOTO-2026-05-20-09-48-43 (11)_planta_18,PHOTO-2026-05-20-09-48-43 (11)_planta_18.jpg,42,0
PHOTO-2026-05-20-09-48-43 (11)_planta_19,PHOTO-2026-05-20-09-48-43 (11)_planta_19.jpg,40,0
PHOTO-2026-05-20-09-48-43 (11)_planta_2,PHOTO-2026-05-20-09-48-43 (11)_planta_2.jpg,42,0
PHOTO-2026-05-20-09-48-43 (11)_planta_20,PHOTO-2026-05-20-09-48-43 (11)_planta_20.jpg,42,0
PHOTO-2026-05-20-09-48-43 (11)_planta_21,PHOTO-2026-05-20-09-48-43 (11)_planta_21.jpg,70,0
PHOTO-2026-05-20-09-48-43 (11)_planta_22,PHOTO-2026-05-20-09-48-43 (11)_planta_22.jpg,54,0
PHOTO-2026-05-20-09-48-43 (11)_planta_23,PHOTO-2026-05-20-09-48-43 (11)_planta_23.jpg,102,0
PHOTO-2026-05-20-09-48-43 (11)_planta_24,PHOTO-2026-05-20-09-48-43 (11)_planta_24.jpg,294,2
PHOTO-2026-05-20-09-48-43 (11)_planta_3,PHOTO-2026-05-20-09-48-43 (11)_planta_3.jpg,235,1
PHOTO-2026-05-20-09-48-43 (11)_planta_4,PHOTO-2026-05-20-09-48-43 (11)_planta_4.jpg,101,0
PHOTO-2026-05-20-09-48-43 (11)_planta_5,PHOTO-2026-05-20-09-48-43 (11)_planta_5.jpg,101,0
PHOTO-2026-05-20-09-48-43 (11)_planta_6,PHOTO-2026-05-20-09-48-43 (11)_planta_6.jpg,53,0
PHOTO-2026-05-20-09-48-43 (11)_planta_7,PHOTO-2026-05-20-09-48-43 (11)_planta_7.jpg,70,0
PHOTO-2026-05-20-09-48-43 (11)_planta_9,PHOTO-2026-05-20-09-48-43 (11)_planta_9.jpg,88,0
PHOTO-2026-05-20-09-48-43 (12)_planta_0,PHOTO-2026-05-20-09-48-43 (12)_planta_0.jpg,252,1
PHOTO-2026-05-20-09-48-43 (12)_planta_1,PHOTO-2026-05-20-09-48-43 (12)_planta_1.jpg,229,1
PHOTO-2026-05-20-09-48-43 (12)_planta_10,PHOTO-2026-05-20-09-48-43 (12)_planta_10.jpg,101,0
PHOTO-2026-05-20-09-48-43 (12)_planta_11,PHOTO-2026-05-20-09-48-43 (12)_planta_11.jpg,291,2
PHOTO-2026-05-20-09-48-43 (12)_planta_12,PHOTO-2026-05-20-09-48-43 (12)_planta_12.jpg,56,0
PHOTO-2026-05-20-09-48-43 (12)_planta_13,PHOTO-2026-05-20-09-48-43 (12)_planta_13.jpg,24,0
PHOTO-2026-05-20-09-48-43 (12)_planta_14,PHOTO-2026-05-20-09-48-43 (12)_planta_14.jpg,101,0
PHOTO-2026-05-20-09-48-43 (12)_planta_15,PHOTO-2026-05-20-09-48-43 (12)_planta_15.jpg,70,0
PHOTO-2026-05-20-09-48-43 (12)_planta_16,PHOTO-2026-05-20-09-48-43 (12)_planta_16.jpg,252,1
PHOTO-2026-05-20-09-48-43 (12)_planta_17,PHOTO-2026-05-20-09-48-43 (12)_planta_17.jpg,53,0
PHOTO-2026-05-20-09-48-43 (12)_planta_18,PHOTO-2026-05-20-09-48-43 (12)_planta_18.jpg,148,0
PHOTO-2026-05-20-09-48-43 (12)_planta_2,PHOTO-2026-05-20-09-48-43 (12)_planta_2.jpg,253,1
PHOTO-2026-05-20-09-48-43 (12)_planta_3,PHOTO-2026-05-20-09-48-43 (12)_planta_3.jpg,252,1
PHOTO-2026-05-20-09-48-43 (12)_planta_4,PHOTO-2026-05-20-09-48-43 (12)_planta_4.jpg,229,1
PHOTO-2026-05-20-09-48-43 (12)_planta_5,PHOTO-2026-05-20-09-48-43 (12)_planta_5.jpg,148,0
PHOTO-2026-05-20-09-48-43 (12)_planta_6,PHOTO-2026-05-20-09-48-43 (12)_planta_6.jpg,102,0
PHOTO-2026-05-20-09-48-43 (12)_planta_7,PHOTO-2026-05-20-09-48-43 (12)_planta_7.jpg,229,1
PHOTO-2026-05-20-09-48-43 (12)_planta_8,PHOTO-2026-05-20-09-48-43 (12)_planta_8.jpg,25,0
PHOTO-2026-05-20-09-48-43 (12)_planta_9,PHOTO-2026-05-20-09-48-43 (12)_planta_9.jpg,54,0
PHOTO-2026-05-20-09-48-43 (2)_planta_0,PHOTO-2026-05-20-09-48-43 (2)_planta_0.jpg,102,0
PHOTO-2026-05-20-09-48-43 (2)_planta_1,PHOTO-2026-05-20-09-48-43 (2)_planta_1.jpg,54,0
PHOTO-2026-05-20-09-48-43 (2)_planta_10,PHOTO-2026-05-20-09-48-43 (2)_planta_10.jpg,54,0
PHOTO-2026-05-20-09-48-43 (2)_planta_11,PHOTO-2026-05-20-09-48-43 (2)_planta_11.jpg,27,0
PHOTO-2026-05-20-09-48-43 (2)_planta_12,PHOTO-2026-05-20-09-48-43 (2)_planta_12.jpg,252,1
PHOTO-2026-05-20-09-48-43 (2)_planta_13,PHOTO-2026-05-20-09-48-43 (2)_planta_13.jpg,53,0
PHOTO-2026-05-20-09-48-43 (2)_planta_14,PHOTO-2026-05-20-09-48-43 (2)_planta_14.jpg,54,0
PHOTO-2026-05-20-09-48-43 (2)_planta_15,PHOTO-2026-05-20-09-48-43 (2)_planta_15.jpg,54,0
PHOTO-2026-05-20-09-48-43 (2)_planta_16,PHOTO-2026-05-20-09-48-43 (2)_planta_16.jpg,54,0
PHOTO-2026-05-20-09-48-43 (2)_planta_17,PHOTO-2026-05-20-09-48-43 (2)_planta_17.jpg,102,0
PHOTO-2026-05-20-09-48-43 (2)_planta_18,PHOTO-2026-05-20-09-48-43 (2)_planta_18.jpg,54,0
PHOTO-2026-05-20-09-48-43 (2)_planta_19,PHOTO-2026-05-20-09-48-43 (2)_planta_19.jpg,53,0
PHOTO-2026-05-20-09-48-43 (2)_planta_2,PHOTO-2026-05-20-09-48-43 (2)_planta_2.jpg,255,1
PHOTO-2026-05-20-09-48-43 (2)_planta_20,PHOTO-2026-05-20-09-48-43 (2)_planta_20.jpg,42,0
PHOTO-2026-05-20-09-48-43 (2)_planta_21,PHOTO-2026-05-20-09-48-43 (2)_planta_21.jpg,54,0
PHOTO-2026-05-20-09-48-43 (2)_planta_22,PHOTO-2026-05-20-09-48-43 (2)_planta_22.jpg,229,1
PHOTO-2026-05-20-09-48-43 (2)_planta_4,PHOTO-2026-05-20-09-48-43 (2)_planta_4.jpg,252,1
PHOTO-2026-05-20-09-48-43 (2)_planta_5,PHOTO-2026-05-20-09-48-43 (2)_planta_5.jpg,27,0
PHOTO-2026-05-20-09-48-43 (2)_planta_6,PHOTO-2026-05-20-09-48-43 (2)_planta_6.jpg,88,0
PHOTO-2026-05-20-09-48-43 (2)_planta_7,PHOTO-2026-05-20-09-48-43 (2)_planta_7.jpg,42,0
PHOTO-2026-05-20-09-48-43 (2)_planta_8,PHOTO-2026-05-20-09-48-43 (2)_planta_8.jpg,53,0
PHOTO-2026-05-20-09-48-43 (2)_planta_9,PHOTO-2026-05-20-09-48-43 (2)_planta_9.jpg,83,0
PHOTO-2026-05-20-09-48-43 (5)_planta_0,PHOTO-2026-05-20-09-48-43 (5)_planta_0.jpg,148,0
PHOTO-2026-05-20-09-48-43 (5)_planta_10,PHOTO-2026-05-20-09-48-43 (5)_planta_10.jpg,217,1
PHOTO-2026-05-20-09-48-43 (5)_planta_11,PHOTO-2026-05-20-09-48-43 (5)_planta_11.jpg,294,2
PHOTO-2026-05-20-09-48-43 (5)_planta_13,PHOTO-2026-05-20-09-48-43 (5)_planta_13.jpg,291,2
PHOTO-2026-05-20-09-48-43 (5)_planta_14,PHOTO-2026-05-20-09-48-43 (5)_planta_14.jpg,254,1
PHOTO-2026-05-20-09-48-43 (5)_planta_3,PHOTO-2026-05-20-09-48-43 (5)_planta_3.jpg,102,0
PHOTO-2026-05-20-09-48-43 (5)_planta_4,PHOTO-2026-05-20-09-48-43 (5)_planta_4.jpg,3,0
PHOTO-2026-05-20-09-48-43 (5)_planta_5,PHOTO-2026-05-20-09-48-43 (5)_planta_5.jpg,229,1
PHOTO-2026-05-20-09-48-43 (5)_planta_6,PHOTO-2026-05-20-09-48-43 (5)_planta_6.jpg,54,0
PHOTO-2026-05-20-09-48-43 (5)_planta_7,PHOTO-2026-05-20-09-48-43 (5)_planta_7.jpg,24,0
PHOTO-2026-05-20-09-48-43 (5)_planta_8,PHOTO-2026-05-20-09-48-43 (5)_planta_8.jpg,54,0
PHOTO-2026-05-20-09-48-43 (5)_planta_9,PHOTO-2026-05-20-09-48-43 (5)_planta_9.jpg,54,0
PHOTO-2026-05-20-09-48-43 (6)_planta_0,PHOTO-2026-05-20-09-48-43 (6)_planta_0.jpg,235,1
PHOTO-2026-05-20-09-48-43 (6)_planta_1,PHOTO-2026-05-20-09-48-43 (6)_planta_1.jpg,3,0
PHOTO-2026-05-20-09-48-43 (6)_planta_10,PHOTO-2026-05-20-09-48-43 (6)_planta_10.jpg,54,0
PHOTO-2026-05-20-09-48-43 (6)_planta_11,PHOTO-2026-05-20-09-48-43 (6)_planta_11.jpg,54,0
PHOTO-2026-05-20-09-48-43 (6)_planta_12,PHOTO-2026-05-20-09-48-43 (6)_planta_12.jpg,42,0
PHOTO-2026-05-20-09-48-43 (6)_planta_13,PHOTO-2026-05-20-09-48-43 (6)_planta_13.jpg,25,0
PHOTO-2026-05-20-09-48-43 (6)_planta_14,PHOTO-2026-05-20-09-48-43 (6)_planta_14.jpg,291,2
PHOTO-2026-05-20-09-48-43 (6)_planta_15,PHOTO-2026-05-20-09-48-43 (6)_planta_15.jpg,235,1
PHOTO-2026-05-20-09-48-43 (6)_planta_2,PHOTO-2026-05-20-09-48-43 (6)_planta_2.jpg,56,0
PHOTO-2026-05-20-09-48-43 (6)_planta_3,PHOTO-2026-05-20-09-48-43 (6)_planta_3.jpg,54,0
PHOTO-2026-05-20-09-48-43 (6)_planta_4,PHOTO-2026-05-20-09-48-43 (6)_planta_4.jpg,253,1
PHOTO-2026-05-20-09-48-43 (6)_planta_5,PHOTO-2026-05-20-09-48-43 (6)_planta_5.jpg,148,0
PHOTO-2026-05-20-09-48-43 (6)_planta_7,PHOTO-2026-05-20-09-48-43 (6)_planta_7.jpg,36,0
PHOTO-2026-05-20-09-48-43 (6)_planta_8,PHOTO-2026-05-20-09-48-43 (6)_planta_8.jpg,252,1
PHOTO-2026-05-20-09-48-43 (6)_planta_9,PHOTO-2026-05-20-09-48-43 (6)_planta_9.jpg,56,0
PHOTO-2026-05-20-09-48-43 (7)_planta_0,PHOTO-2026-05-20-09-48-43 (7)_planta_0.jpg,53,0
PHOTO-2026-05-20-09-48-43 (7)_planta_1,PHOTO-2026-05-20-09-48-43 (7)_planta_1.jpg,213,0
PHOTO-2026-05-20-09-48-43 (7)_planta_10,PHOTO-2026-05-20-09-48-43 (7)_planta_10.jpg,213,0
PHOTO-2026-05-20-09-48-43 (7)_planta_11,PHOTO-2026-05-20-09-48-43 (7)_planta_11.jpg,3,0
PHOTO-2026-05-20-09-48-43 (7)_planta_12,PHOTO-2026-05-20-09-48-43 (7)_planta_12.jpg,70,0
PHOTO-2026-05-20-09-48-43 (7)_planta_13,PHOTO-2026-05-20-09-48-43 (7)_planta_13.jpg,24,0
PHOTO-2026-05-20-09-48-43 (7)_planta_14,PHOTO-2026-05-20-09-48-43 (7)_planta_14.jpg,254,1
PHOTO-2026-05-20-09-48-43 (7)_planta_15,PHOTO-2026-05-20-09-48-43 (7)_planta_15.jpg,294,2
PHOTO-2026-05-20-09-48-43 (7)_planta_16,PHOTO-2026-05-20-09-48-43 (7)_planta_16.jpg,54,0
PHOTO-2026-05-20-09-48-43 (7)_planta_17,PHOTO-2026-05-20-09-48-43 (7)_planta_17.jpg,291,2
PHOTO-2026-05-20-09-48-43 (7)_planta_18,PHOTO-2026-05-20-09-48-43 (7)_planta_18.jpg,42,0
PHOTO-2026-05-20-09-48-43 (7)_planta_19,PHOTO-2026-05-20-09-48-43 (7)_planta_19.jpg,53,0
PHOTO-2026-05-20-09-48-43 (7)_planta_2,PHOTO-2026-05-20-09-48-43 (7)_planta_2.jpg,25,0
PHOTO-2026-05-20-09-48-43 (7)_planta_20,PHOTO-2026-05-20-09-48-43 (7)_planta_20.jpg,53,0
PHOTO-2026-05-20-09-48-43 (7)_planta_21,PHOTO-2026-05-20-09-48-43 (7)_planta_21.jpg,252,1
PHOTO-2026-05-20-09-48-43 (7)_planta_22,PHOTO-2026-05-20-09-48-43 (7)_planta_22.jpg,252,1
PHOTO-2026-05-20-09-48-43 (7)_planta_23,PHOTO-2026-05-20-09-48-43 (7)_planta_23.jpg,88,0
PHOTO-2026-05-20-09-48-43 (7)_planta_24,PHOTO-2026-05-20-09-48-43 (7)_planta_24.jpg,294,2
PHOTO-2026-05-20-09-48-43 (7)_planta_25,PHOTO-2026-05-20-09-48-43 (7)_planta_25.jpg,24,0
PHOTO-2026-05-20-09-48-43 (7)_planta_26,PHOTO-2026-05-20-09-48-43 (7)_planta_26.jpg,70,0
PHOTO-2026-05-20-09-48-43 (7)_planta_3,PHOTO-2026-05-20-09-48-43 (7)_planta_3.jpg,54,0
PHOTO-2026-05-20-09-48-43 (7)_planta_4,PHOTO-2026-05-20-09-48-43 (7)_planta_4.jpg,55,0
PHOTO-2026-05-20-09-48-43 (7)_planta_5,PHOTO-2026-05-20-09-48-43 (7)_planta_5.jpg,294,2
PHOTO-2026-05-20-09-48-43 (7)_planta_6,PHOTO-2026-05-20-09-48-43 (7)_planta_6.jpg,65,0
PHOTO-2026-05-20-09-48-43 (7)_planta_7,PHOTO-2026-05-20-09-48-43 (7)_planta_7.jpg,252,1
PHOTO-2026-05-20-09-48-43 (7)_planta_8,PHOTO-2026-05-20-09-48-43 (7)_planta_8.jpg,316,3
PHOTO-2026-05-20-09-48-43 (7)_planta_9,PHOTO-2026-05-20-09-48-43 (7)_planta_9.jpg,70,0
PHOTO-2026-05-20-09-48-43 (8)_planta_0,PHOTO-2026-05-20-09-48-43 (8)_planta_0.jpg,213,0
PHOTO-2026-05-20-09-48-43 (8)_planta_1,PHOTO-2026-05-20-09-48-43 (8)_planta_1.jpg,42,0
PHOTO-2026-05-20-09-48-43 (8)_planta_2,PHOTO-2026-05-20-09-48-43 (8)_planta_2.jpg,37,0
PHOTO-2026-05-20-09-48-43 (9)_planta_0,PHOTO-2026-05-20-09-48-43 (9)_planta_0.jpg,42,0
PHOTO-2026-05-20-09-48-43 (9)_planta_1,PHOTO-2026-05-20-09-48-43 (9)_planta_1.jpg,102,0
PHOTO-2026-05-20-09-48-43 (9)_planta_10,PHOTO-2026-05-20-09-48-43 (9)_planta_10.jpg,37,0
PHOTO-2026-05-20-09-48-43 (9)_planta_2,PHOTO-2026-05-20-09-48-43 (9)_planta_2.jpg,55,0
PHOTO-2026-05-20-09-48-43 (9)_planta_3,PHOTO-2026-05-20-09-48-43 (9)_planta_3.jpg,291,2
PHOTO-2026-05-20-09-48-43 (9)_planta_4,PHOTO-2026-05-20-09-48-43 (9)_planta_4.jpg,102,0
PHOTO-2026-05-20-09-48-43 (9)_planta_5,PHOTO-2026-05-20-09-48-43 (9)_planta_5.jpg,25,0
PHOTO-2026-05-20-09-48-43 (9)_planta_6,PHOTO-2026-05-20-09-48-43 (9)_planta_6.jpg,37,0
PHOTO-2026-05-20-09-48-43 (9)_planta_7,PHOTO-2026-05-20-09-48-43 (9)_planta_7.jpg,213,0
PHOTO-2026-05-20-09-48-43 (9)_planta_8,PHOTO-2026-05-20-09-48-43 (9)_planta_8.jpg,213,0
PHOTO-2026-05-20-09-48-43 (9)_planta_9,PHOTO-2026-05-20-09-48-43 (9)_planta_9.jpg,24,0
PHOTO-2026-05-20-09-48-43_planta_0,PHOTO-2026-05-20-09-48-43_planta_0.jpg,40,0
PHOTO-2026-05-20-09-48-43_planta_1,PHOTO-2026-05-20-09-48-43_planta_1.jpg,255,1
PHOTO-2026-05-20-09-48-43_planta_10,PHOTO-2026-05-20-09-48-43_planta_10.jpg,42,0
PHOTO-2026-05-20-09-48-43_planta_11,PHOTO-2026-05-20-09-48-43_planta_11.jpg,102,0
PHOTO-2026-05-20-09-48-43_planta_12,PHOTO-2026-05-20-09-48-43_planta_12.jpg,235,1
PHOTO-2026-05-20-09-48-43_planta_2,PHOTO-2026-05-20-09-48-43_planta_2.jpg,70,0
PHOTO-2026-05-20-09-48-43_planta_3,PHOTO-2026-05-20-09-48-43_planta_3.jpg,294,2
PHOTO-2026-05-20-09-48-43_planta_4,PHOTO-2026-05-20-09-48-43_planta_4.jpg,40,0
PHOTO-2026-05-20-09-48-43_planta_5,PHOTO-2026-05-20-09-48-43_planta_5.jpg,3,0
PHOTO-2026-05-20-09-48-43_planta_6,PHOTO-2026-05-20-09-48-43_planta_6.jpg,42,0
PHOTO-2026-05-20-09-48-43_planta_7,PHOTO-2026-05-20-09-48-43_planta_7.jpg,291,2
PHOTO-2026-05-20-09-48-43_planta_8,PHOTO-2026-05-20-09-48-43_planta_8.jpg,54,0
PHOTO-2026-05-20-09-48-43_planta_9,PHOTO-2026-05-20-09-48-43_planta_9.jpg,55,0
PHOTO-2026-05-20-09-48-44 (1)_planta_0,PHOTO-2026-05-20-09-48-44 (1)_planta_0.jpg,260,1
PHOTO-2026-05-20-09-48-44 (4)_planta_1,PHOTO-2026-05-20-09-48-44 (4)_planta_1.jpg,213,0
PHOTO-2026-05-20-09-48-44 (4)_planta_2,PHOTO-2026-05-20-09-48-44 (4)_planta_2.jpg,176,0
PHOTO-2026-05-20-09-48-44 (4)_planta_4,PHOTO-2026-05-20-09-48-44 (4)_planta_4.jpg,213,0
PHOTO-2026-05-20-09-48-44 (4)_planta_6,PHOTO-2026-05-20-09-48-44 (4)_planta_6.jpg,34,0
PHOTO-2026-05-20-09-48-44 (4)_planta_7,PHOTO-2026-05-20-09-48-44 (4)_planta_7.jpg,1,0
PHOTO-2026-05-20-09-48-44 (4)_planta_8,PHOTO-2026-05-20-09-48-44 (4)_planta_8.jpg,26,0
PHOTO-2026-05-20-09-48-44 (4)_planta_9,PHOTO-2026-05-20-09-48-44 (4)_planta_9.jpg,34,0
PHOTO-2026-05-20-09-48-44 (9)_planta_1,PHOTO-2026-05-20-09-48-44 (9)_planta_1.jpg,213,0
PHOTO-2026-05-20-09-48-44 (9)_planta_2,PHOTO-2026-05-20-09-48-44 (9)_planta_2.jpg,176,0
PHOTO-2026-05-20-09-48-44 (9)_planta_4,PHOTO-2026-05-20-09-48-44 (9)_planta_4.jpg,213,0
PHOTO-2026-05-20-09-48-44 (9)_planta_6,PHOTO-2026-05-20-09-48-44 (9)_planta_6.jpg,34,0
PHOTO-2026-05-20-09-48-44 (9)_planta_7,PHOTO-2026-05-20-09-48-44 (9)_planta_7.jpg,1,0
PHOTO-2026-05-20-09-48-44 (9)_planta_8,PHOTO-2026-05-20-09-48-44 (9)_planta_8.jpg,26,0
PHOTO-2026-05-20-09-48-44 (9)_planta_9,PHOTO-2026-05-20-09-48-44 (9)_planta_9.jpg,34,0
clutter_planta_0,clutter_planta_0.jpg,162,0
IMG_20220501_154635_planta_0,IMG_20220501_154635_planta_0.jpg,323,0
IMG_20220501_154640_planta_0,IMG_20220501_154640_planta_0.jpg,323,0
IMG_20220501_154858_planta_0,IMG_20220501_154858_planta_0.jpg,324,0
IMG_20220501_154901_planta_0,IMG_20220501_154901_planta_0.jpg,324,0
IMG_20220501_154905_planta_0,IMG_20220501_154905_planta_0.jpg,324,0
IMG_20220501_154908_planta_0,IMG_20220501_154908_planta_0.jpg,324,0
IMG_20220501_154910_planta_0,IMG_20220501_154910_planta_0.jpg,324,0
IMG_20220501_154911_planta_0,IMG_20220501_154911_planta_0.jpg,324,0
IMG_20220501_154913_planta_0,IMG_20220501_154913_planta_0.jpg,324,0
IMG_20220501_154915_planta_0,IMG_20220501_154915_planta_0.jpg,324,0
IMG_20220501_154917_planta_0,IMG_20220501_154917_planta_0.jpg,324,0
IMG_20220501_154920_planta_0,IMG_20220501_154920_planta_0.jpg,324,0
IMG_20220501_155930_planta_0,IMG_20220501_155930_planta_0.jpg,322,0
IMG_20220501_155934_planta_0,IMG_20220501_155934_planta_0.jpg,322,0
IMG_20220501_155948_planta_0,IMG_20220501_155948_planta_0.jpg,322,0
IMG_20220501_155952_planta_0,IMG_20220501_155952_planta_0.jpg,322,0
IMG_20220501_155955_planta_0,IMG_20220501_155955_planta_0.jpg,322,0
IMG_20220501_160005_planta_0,IMG_20220501_160005_planta_0.jpg,322,0
IMG_20220501_160026_planta_0,IMG_20220501_160026_planta_0.jpg,326,0
IMG_20220501_160028_planta_0,IMG_20220501_160028_planta_0.jpg,326,0
IMG_20220501_160032_planta_0,IMG_20220501_160032_planta_0.jpg,325,0
IMG_20220501_160032_planta_1,IMG_20220501_160032_planta_1.jpg,326,0
IMG_20220501_160033_planta_0,IMG_20220501_160033_planta_0.jpg,325,0
IMG_20220501_160033_planta_1,IMG_20220501_160033_planta_1.jpg,326,0
IMG_20220501_160035_planta_0,IMG_20220501_160035_planta_0.jpg,326,0
IMG_20220501_160037_planta_0,IMG_20220501_160037_planta_0.jpg,326,0
IMG_20220501_160044_planta_0,IMG_20220501_160044_planta_0.jpg,326,0
IMG_20220501_160047_planta_0,IMG_20220501_160047_planta_0.jpg,326,0
IMG_20220501_160708_planta_0,IMG_20220501_160708_planta_0.jpg,322,0
IMG_20220501_160715_planta_0,IMG_20220501_160715_planta_0.jpg,322,0
IMG_20220501_160720_planta_0,IMG_20220501_160720_planta_0.jpg,322,0
IMG_20220501_160728_planta_0,IMG_20220501_160728_planta_0.jpg,322,0
IMG_20220501_160754_planta_0,IMG_20220501_160754_planta_0.jpg,323,0
IMG_20220501_160805_planta_0,IMG_20220501_160805_planta_0.jpg,323,0
IMG_20220501_160827_planta_0,IMG_20220501_160827_planta_0.jpg,323,0
IMG_20220501_160829_planta_0,IMG_20220501_160829_planta_0.jpg,323,0
IMG_20220501_160831_planta_0,IMG_20220501_160831_planta_0.jpg,323,0
IMG_20220501_160833_planta_0,IMG_20220501_160833_planta_0.jpg,323,0
IMG_20220501_160833_planta_1,IMG_20220501_160833_planta_1.jpg,323,0
IMG_20220501_160834_planta_0,IMG_20220501_160834_planta_0.jpg,323,0
IMG_20220501_160836_planta_0,IMG_20220501_160836_planta_0.jpg,323,0
IMG_20220501_160838_planta_0,IMG_20220501_160838_planta_0.jpg,323,0
IMG_20220501_160838_planta_1,IMG_20220501_160838_planta_1.jpg,322,0
IMG_20220501_160841_planta_0,IMG_20220501_160841_planta_0.jpg,323,0
IMG_20220501_160844_planta_0,IMG_20220501_160844_planta_0.jpg,323,0
IMG_20220501_161758_planta_0,IMG_20220501_161758_planta_0.jpg,325,0
IMG_20220501_161846_planta_0,IMG_20220501_161846_planta_0.jpg,325,0
IMG_20220501_161847_planta_0,IMG_20220501_161847_planta_0.jpg,325,0
IMG_20220501_161849_planta_0,IMG_20220501_161849_planta_0.jpg,325,0
IMG_20220501_161851_planta_0,IMG_20220501_161851_planta_0.jpg,325,0
IMG_20220501_161856_planta_0,IMG_20220501_161856_planta_0.jpg,325,0
IMG_20220501_161859_planta_0,IMG_20220501_161859_planta_0.jpg,325,0
IMG_20220501_161902_planta_0,IMG_20220501_161902_planta_0.jpg,325,0
IMG_20220501_161915_planta_0,IMG_20220501_161915_planta_0.jpg,325,0
IMG_20220501_161916_planta_0,IMG_20220501_161916_planta_0.jpg,325,0
IMG_20220501_161920_planta_0,IMG_20220501_161920_planta_0.jpg,325,0
IMG_20220501_161921_planta_0,IMG_20220501_161921_planta_0.jpg,325,0
IMG_20220501_161926_planta_0,IMG_20220501_161926_planta_0.jpg,325,0
IMG_20220501_162836_planta_0,IMG_20220501_162836_planta_0.jpg,327,0
IMG_20220501_162838_planta_0,IMG_20220501_162838_planta_0.jpg,327,0
IMG_20220501_162851_planta_0,IMG_20220501_162851_planta_0.jpg,327,0
IMG_20220501_163741_planta_0,IMG_20220501_163741_planta_0.jpg,327,0
IMG_20220501_163812_planta_0,IMG_20220501_163812_planta_0.jpg,327,0
IMG_20220501_163815_planta_0,IMG_20220501_163815_planta_0.jpg,326,0
IMG_20220501_163818_planta_0,IMG_20220501_163818_planta_0.jpg,327,0
IMG_20220501_163821_planta_0,IMG_20220501_163821_planta_0.jpg,327,0
IMG_20220501_163823_planta_0,IMG_20220501_163823_planta_0.jpg,327,0
IMG_20220501_163831_planta_0,IMG_20220501_163831_planta_0.jpg,326,0
IMG_20220501_163834_planta_0,IMG_20220501_163834_planta_0.jpg,327,0
IMG_20220501_163836_planta_0,IMG_20220501_163836_planta_0.jpg,327,0
IMG_20220501_163838_planta_0,IMG_20220501_163838_planta_0.jpg,327,0
IMG_20220501_165200_planta_0,IMG_20220501_165200_planta_0.jpg,328,0
IMG_20220501_165204_planta_0,IMG_20220501_165204_planta_0.jpg,328,0
IMG_20220501_165208_planta_0,IMG_20220501_165208_planta_0.jpg,328,0
IMG_20220501_165211_planta_0,IMG_20220501_165211_planta_0.jpg,328,0
IMG_20220501_165216_planta_0,IMG_20220501_165216_planta_0.jpg,328,0
IMG_20220501_165218_planta_0,IMG_20220501_165218_planta_0.jpg,328,0
IMG_20220501_165745_planta_0,IMG_20220501_165745_planta_0.jpg,322,0
IMG_20220501_165910__01_planta_0,IMG_20220501_165910__01_planta_0.jpg,326,0
IMG_20220501_170652_planta_0,IMG_20220501_170652_planta_0.jpg,326,0
IMG_20220501_170652_planta_1,IMG_20220501_170652_planta_1.jpg,321,0
IMG_20220501_170652_planta_2,IMG_20220501_170652_planta_2.jpg,321,0
IMG_20220501_170846_planta_0,IMG_20220501_170846_planta_0.jpg,321,0
IMG_20220501_170849_planta_0,IMG_20220501_170849_planta_0.jpg,321,0
IMG_20220501_170853_planta_0,IMG_20220501_170853_planta_0.jpg,321,0
IMG_20220501_170856_planta_0,IMG_20220501_170856_planta_0.jpg,321,0
IMG_20220501_170916_planta_0,IMG_20220501_170916_planta_0.jpg,321,0
IMG_20220501_170919_planta_0,IMG_20220501_170919_planta_0.jpg,321,0
IMG_20220501_170926_planta_0,IMG_20220501_170926_planta_0.jpg,321,0
IMG_20220501_170929_planta_0,IMG_20220501_170929_planta_0.jpg,321,0
IMG_20220501_170931_planta_0,IMG_20220501_170931_planta_0.jpg,321,0
IMG_20220501_170934_planta_0,IMG_20220501_170934_planta_0.jpg,321,0
IMG_20220501_172431_planta_0,IMG_20220501_172431_planta_0.jpg,329,0
IMG_20220501_172433_planta_0,IMG_20220501_172433_planta_0.jpg,329,0
IMG_20220501_172438_planta_0,IMG_20220501_172438_planta_0.jpg,329,0
IMG_20220501_172440_planta_0,IMG_20220501_172440_planta_0.jpg,329,0
IMG_20220501_172444_planta_0,IMG_20220501_172444_planta_0.jpg,329,0
IMG_20220501_172446_planta_0,IMG_20220501_172446_planta_0.jpg,329,0
